STATE,space,space,!,!,“,“,#,#,$,$,%,%,&,&, ', ',(,(,),),*,*,+,+,COMMA,COMMA,-,-,.,.,/,/,0,0,1,1,2,2,3,3,4,4,5,5,6,6,7,7,8,8,9,9,:,:,;,;,<,<,=,=,>,>,?,?,@,@,A,A,B,B,C,C,D,D,E,E,F,F,G,G,H,H,I,I,J,J,K,K,L,L,M,M,N,N,O,O,P,P,Q,Q,R,R,S,S,T,T,U,U,V,V,W,W,X,X,Y,Y,Z,Z,[,[,\,\,],],^,^,_,_,`,`,a,a,b,b,c,c,d,d,e,e,f,f,g,g,h,h,i,i,j,j,k,k,l,l,m,m,n,n,o,o,p,p,q,q,r,r,s,s,t,t,u,u,v,v,w,w,x,x,y,y,z,z,{,{,|,|,},},~,~,EOF,EOF
0,0,0,133,0,133,0,133,0,133,0,133,0,30,0,133,0,12,0,11,0,20,0,17,0,25,0,19,0,133,0,37,0,2,0,1,0,1,0,1,0,1,0,1,0,1,0,1,0,1,0,1,0,32,0,21,0,8,0,5,0,7,0,133,0,22,0,120,0,104,0,120,0,120,0,120,0,120,0,120,0,120,0,120,0,120,0,120,0,120,0,100,0,120,0,120,0,107,0,120,0,120,0,120,0,120,0,120,0,120,0,120,0,120,0,120,0,120,0,13,0,133,0,14,0,133,0,27,0,133,0,38,0,42,0,53,0,120,0,61,0,65,0,120,0,120,0,80,0,120,0,120,0,120,0,120,0,120,0,120,0,120,0,120,0,84,0,120,0,125,0,120,0,129,0,120,0,120,0,120,0,120,0,16,0,28,0,15,0,133,0,0,0
1,0,NUM,133,NUM,133,NUM,133,NUM,133,NUM,133,NUM,30,NUM,133,NUM,12,NUM,11,NUM,20,NUM,17,NUM,25,NUM,19,NUM,3,0,37,NUM,1,0,1,0,1,0,1,0,1,0,1,0,1,0,1,0,1,0,1,0,32,NUM,21,NUM,8,NUM,5,NUM,7,NUM,133,0,22,NUM,134,0,134,0,134,0,134,0,134,0,134,0,134,0,134,0,134,0,134,0,134,0,134,0,134,0,134,0,134,0,134,0,134,0,134,0,134,0,134,0,134,0,134,0,134,0,134,0,134,0,134,0,13,NUM,133,NUM,14,NUM,133,NUM,27,NUM,133,NUM,134,0,134,0,134,0,134,0,134,0,134,0,134,0,134,0,134,0,134,0,134,0,134,0,134,0,134,0,134,0,134,0,134,0,134,0,134,0,134,0,134,0,134,0,134,0,134,0,134,0,134,0,16,NUM,28,NUM,15,NUM,133,0,0,NUM
2,0,NUM,133,NUM,133,NUM,133,NUM,133,NUM,133,NUM,30,NUM,133,NUM,12,NUM,11,NUM,20,NUM,17,NUM,25,NUM,19,NUM,3,0,37,NUM,135,0,135,0,135,0,135,0,135,0,135,0,135,0,135,0,135,0,135,0,32,NUM,21,NUM,8,NUM,5,NUM,7,NUM,133,0,22,NUM,134,0,134,0,134,0,134,0,134,0,134,0,134,0,134,0,134,0,134,0,134,0,134,0,134,0,134,0,134,0,134,0,134,0,134,0,134,0,134,0,134,0,134,0,134,0,134,0,134,0,134,0,13,NUM,133,NUM,14,NUM,133,NUM,27,NUM,133,NUM,134,0,134,0,134,0,134,0,134,0,134,0,134,0,134,0,134,0,134,0,134,0,134,0,134,0,134,0,134,0,134,0,134,0,134,0,134,0,134,0,134,0,134,0,134,0,134,0,134,0,134,0,16,NUM,28,NUM,15,NUM,133,0,0,NUM
3,135,0,133,0,133,0,133,0,133,0,133,0,133,0,133,0,12,INVALID_CONST,11,INVALID_CONST,20,INVALID_CONST,17,INVALID_CONST,25,INVALID_CONST,19,INVALID_CONST,135,0,37,INVALID_CONST,4,0,4,0,4,0,4,0,4,0,4,0,4,0,4,0,4,0,4,0,32,INVALID_CONST,21,INVALID_CONST,8,INVALID_CONST,5,INVALID_CONST,7,INVALID_CONST,133,INVALID_CONST,22,INVALID_CONST,134,0,134,0,134,0,134,0,134,0,134,0,134,0,134,0,134,0,134,0,134,0,134,0,134,0,134,0,134,0,134,0,134,0,134,0,134,0,134,0,134,0,134,0,134,0,134,0,134,0,134,0,13,INVALID_CONST,133,INVALID_CONST,135,INVALID_CONST,133,INVALID_CONST,133,0,133,INVALID_CONST,134,0,134,0,134,0,134,0,134,0,134,0,134,0,134,0,134,0,134,0,134,0,134,0,134,0,134,0,134,0,134,0,134,0,134,0,134,0,134,0,134,0,134,0,134,0,134,0,134,0,134,0,16,INVALID_CONST,28,INVALID_CONST,15,INVALID_CONST,133,INVALID_CONST,135,INVALID_CONST
4,0,RNUM,133,RNUM,133,RNUM,133,RNUM,133,RNUM,133,RNUM,30,RNUM,133,RNUM,12,RNUM,11,RNUM,20,RNUM,17,RNUM,25,RNUM,19,RNUM,135,0,37,RNUM,4,RNUM,4,RNUM,4,RNUM,4,RNUM,4,RNUM,4,RNUM,4,RNUM,4,RNUM,4,RNUM,4,RNUM,32,RNUM,21,RNUM,8,RNUM,5,RNUM,7,RNUM,133,RNUM,22,RNUM,134,0,134,0,134,0,134,0,134,0,134,0,134,0,134,0,134,0,134,0,134,0,134,0,134,0,134,0,134,0,134,0,134,0,134,0,134,0,134,0,134,0,134,0,134,0,134,0,134,0,134,0,13,RNUM,133,RNUM,14,RNUM,133,RNUM,27,RNUM,133,RNUM,134,0,134,0,134,0,134,0,134,0,134,0,134,0,134,0,134,0,134,0,134,0,134,0,134,0,134,0,134,0,134,0,134,0,134,0,134,0,134,0,134,0,134,0,134,0,134,0,134,0,134,0,16,RNUM,28,RNUM,15,RNUM,133,0,0,RNUM
5,0,ASSIGN_OP,133,ASSIGN_OP,133,ASSIGN_OP,133,ASSIGN_OP,133,ASSIGN_OP,133,ASSIGN_OP,30,ASSIGN_OP,133,ASSIGN_OP,12,ASSIGN_OP,11,ASSIGN_OP,20,ASSIGN_OP,17,ASSIGN_OP,25,ASSIGN_OP,19,ASSIGN_OP,133,ASSIGN_OP,37,ASSIGN_OP,2,ASSIGN_OP,1,ASSIGN_OP,1,ASSIGN_OP,1,ASSIGN_OP,1,ASSIGN_OP,1,ASSIGN_OP,1,ASSIGN_OP,1,ASSIGN_OP,1,ASSIGN_OP,1,ASSIGN_OP,32,ASSIGN_OP,21,ASSIGN_OP,8,ASSIGN_OP,6,0,7,ASSIGN_OP,133,ASSIGN_OP,22,ASSIGN_OP,120,ASSIGN_OP,104,ASSIGN_OP,120,ASSIGN_OP,120,ASSIGN_OP,120,ASSIGN_OP,120,ASSIGN_OP,120,ASSIGN_OP,120,ASSIGN_OP,120,ASSIGN_OP,120,ASSIGN_OP,120,ASSIGN_OP,120,ASSIGN_OP,100,ASSIGN_OP,120,ASSIGN_OP,120,ASSIGN_OP,107,ASSIGN_OP,120,ASSIGN_OP,120,ASSIGN_OP,120,ASSIGN_OP,120,ASSIGN_OP,120,ASSIGN_OP,120,ASSIGN_OP,120,ASSIGN_OP,120,ASSIGN_OP,120,ASSIGN_OP,120,ASSIGN_OP,13,ASSIGN_OP,133,ASSIGN_OP,14,ASSIGN_OP,133,ASSIGN_OP,27,ASSIGN_OP,133,ASSIGN_OP,38,ASSIGN_OP,42,ASSIGN_OP,53,ASSIGN_OP,120,ASSIGN_OP,61,ASSIGN_OP,65,ASSIGN_OP,120,ASSIGN_OP,120,ASSIGN_OP,80,ASSIGN_OP,120,ASSIGN_OP,120,ASSIGN_OP,120,ASSIGN_OP,120,ASSIGN_OP,120,ASSIGN_OP,120,ASSIGN_OP,120,ASSIGN_OP,120,ASSIGN_OP,84,ASSIGN_OP,120,ASSIGN_OP,125,ASSIGN_OP,120,ASSIGN_OP,132,ASSIGN_OP,120,ASSIGN_OP,120,ASSIGN_OP,120,ASSIGN_OP,120,ASSIGN_OP,16,ASSIGN_OP,28,ASSIGN_OP,15,ASSIGN_OP,133,0,0,ASSIGN_OP
6,0,LOG_EQ,133,LOG_EQ,133,LOG_EQ,133,LOG_EQ,133,LOG_EQ,133,LOG_EQ,30,LOG_EQ,133,LOG_EQ,12,LOG_EQ,11,LOG_EQ,20,LOG_EQ,17,LOG_EQ,25,LOG_EQ,19,LOG_EQ,133,LOG_EQ,37,LOG_EQ,2,LOG_EQ,1,LOG_EQ,1,LOG_EQ,1,LOG_EQ,1,LOG_EQ,1,LOG_EQ,1,LOG_EQ,1,LOG_EQ,1,LOG_EQ,1,LOG_EQ,32,LOG_EQ,21,LOG_EQ,8,LOG_EQ,5,LOG_EQ,7,LOG_EQ,133,LOG_EQ,22,LOG_EQ,120,LOG_EQ,104,LOG_EQ,120,LOG_EQ,120,LOG_EQ,120,LOG_EQ,120,LOG_EQ,120,LOG_EQ,120,LOG_EQ,120,LOG_EQ,120,LOG_EQ,120,LOG_EQ,120,LOG_EQ,100,LOG_EQ,120,LOG_EQ,120,LOG_EQ,107,LOG_EQ,120,LOG_EQ,120,LOG_EQ,120,LOG_EQ,120,LOG_EQ,120,LOG_EQ,120,LOG_EQ,120,LOG_EQ,120,LOG_EQ,120,LOG_EQ,120,LOG_EQ,13,LOG_EQ,133,LOG_EQ,14,LOG_EQ,133,LOG_EQ,27,LOG_EQ,133,LOG_EQ,38,LOG_EQ,42,LOG_EQ,53,LOG_EQ,120,LOG_EQ,61,LOG_EQ,65,LOG_EQ,120,LOG_EQ,120,LOG_EQ,80,LOG_EQ,120,LOG_EQ,120,LOG_EQ,120,LOG_EQ,120,LOG_EQ,120,LOG_EQ,120,LOG_EQ,120,LOG_EQ,120,LOG_EQ,84,LOG_EQ,120,LOG_EQ,125,LOG_EQ,120,LOG_EQ,132,LOG_EQ,120,LOG_EQ,120,LOG_EQ,120,LOG_EQ,120,LOG_EQ,16,LOG_EQ,28,LOG_EQ,15,LOG_EQ,133,0,0,LOG_EQ
7,0,GT,133,GT,133,GT,133,GT,133,GT,133,GT,30,GT,133,GT,12,GT,11,GT,20,GT,17,GT,25,GT,19,GT,133,GT,37,GT,2,GT,1,GT,1,GT,1,GT,1,GT,1,GT,1,GT,1,GT,1,GT,1,GT,32,GT,21,GT,8,GT,9,0,34,0,133,GT,22,GT,120,GT,104,GT,120,GT,120,GT,120,GT,120,GT,120,GT,120,GT,120,GT,120,GT,120,GT,120,GT,100,GT,120,GT,120,GT,107,GT,120,GT,120,GT,120,GT,120,GT,120,GT,120,GT,120,GT,120,GT,120,GT,120,GT,13,GT,133,GT,14,GT,133,GT,27,GT,133,GT,38,GT,42,GT,53,GT,120,GT,61,GT,65,GT,120,GT,120,GT,80,GT,120,GT,120,GT,120,GT,120,GT,120,GT,120,GT,120,GT,120,GT,84,GT,120,GT,125,GT,120,GT,132,GT,120,GT,120,GT,120,GT,120,GT,16,GT,28,GT,15,GT,133,0,0,GT
8,0,LT,133,LT,133,LT,133,LT,133,LT,133,LT,30,LT,133,LT,12,LT,11,LT,20,LT,17,LT,25,LT,19,LT,133,LT,37,LT,2,LT,1,LT,1,LT,1,LT,1,LT,1,LT,1,LT,1,LT,1,LT,1,LT,32,LT,21,LT,8,LT,10,0,7,LT,133,LT,22,LT,120,LT,104,LT,120,LT,120,LT,120,LT,120,LT,120,LT,120,LT,120,LT,120,LT,120,LT,120,LT,100,LT,120,LT,120,LT,107,LT,120,LT,120,LT,120,LT,120,LT,120,LT,120,LT,120,LT,120,LT,120,LT,120,LT,13,LT,133,LT,14,LT,133,LT,27,LT,133,LT,38,LT,42,LT,53,LT,120,LT,61,LT,65,LT,120,LT,120,LT,80,LT,120,LT,120,LT,120,LT,120,LT,120,LT,120,LT,120,LT,120,LT,84,LT,120,LT,125,LT,120,LT,132,LT,120,LT,120,LT,120,LT,120,LT,16,LT,28,LT,15,LT,133,0,0,LT
9,0,GTE,133,GTE,133,GTE,133,GTE,133,GTE,133,GTE,30,GTE,133,GTE,12,GTE,11,GTE,20,GTE,17,GTE,25,GTE,19,GTE,133,GTE,37,GTE,2,GTE,1,GTE,1,GTE,1,GTE,1,GTE,1,GTE,1,GTE,1,GTE,1,GTE,1,GTE,32,GTE,21,GTE,8,GTE,5,GTE,7,GTE,133,GTE,22,GTE,120,GTE,104,GTE,120,GTE,120,GTE,120,GTE,120,GTE,120,GTE,120,GTE,120,GTE,120,GTE,120,GTE,120,GTE,100,GTE,120,GTE,120,GTE,107,GTE,120,GTE,120,GTE,120,GTE,120,GTE,120,GTE,120,GTE,120,GTE,120,GTE,120,GTE,120,GTE,13,GTE,133,GTE,14,GTE,133,GTE,27,GTE,133,GTE,38,GTE,42,GTE,53,GTE,120,GTE,61,GTE,65,GTE,120,GTE,120,GTE,80,GTE,120,GTE,120,GTE,120,GTE,120,GTE,120,GTE,120,GTE,120,GTE,120,GTE,84,GTE,120,GTE,125,GTE,120,GTE,132,GTE,120,GTE,120,GTE,120,GTE,120,GTE,16,GTE,28,GTE,15,GTE,133,0,0,GTE
10,0,LTE,133,LTE,133,LTE,133,LTE,133,LTE,133,LTE,30,LTE,133,LTE,12,LTE,11,LTE,20,LTE,17,LTE,25,LTE,19,LTE,133,LTE,37,LTE,2,LTE,1,LTE,1,LTE,1,LTE,1,LTE,1,LTE,1,LTE,1,LTE,1,LTE,1,LTE,32,LTE,21,LTE,8,LTE,5,LTE,7,LTE,133,LTE,22,LTE,120,LTE,104,LTE,120,LTE,120,LTE,120,LTE,120,LTE,120,LTE,120,LTE,120,LTE,120,LTE,120,LTE,120,LTE,100,LTE,120,LTE,120,LTE,107,LTE,120,LTE,120,LTE,120,LTE,120,LTE,120,LTE,120,LTE,120,LTE,120,LTE,120,LTE,120,LTE,13,LTE,133,LTE,14,LTE,133,LTE,27,LTE,133,LTE,38,LTE,42,LTE,53,LTE,120,LTE,61,LTE,65,LTE,120,LTE,120,LTE,80,LTE,120,LTE,120,LTE,120,LTE,120,LTE,120,LTE,120,LTE,120,LTE,120,LTE,84,LTE,120,LTE,125,LTE,120,LTE,132,LTE,120,LTE,120,LTE,120,LTE,120,LTE,16,LTE,28,LTE,15,LTE,133,0,0,LTE
11,0,RPARA,133,RPARA,133,RPARA,133,RPARA,133,RPARA,133,RPARA,30,RPARA,133,RPARA,12,RPARA,11,RPARA,20,RPARA,17,RPARA,25,RPARA,19,RPARA,133,RPARA,37,RPARA,2,RPARA,1,RPARA,1,RPARA,1,RPARA,1,RPARA,1,RPARA,1,RPARA,1,RPARA,1,RPARA,1,RPARA,32,RPARA,21,RPARA,8,RPARA,5,RPARA,7,RPARA,133,RPARA,22,RPARA,120,RPARA,104,RPARA,120,RPARA,120,RPARA,120,RPARA,120,RPARA,120,RPARA,120,RPARA,120,RPARA,120,RPARA,120,RPARA,120,RPARA,100,RPARA,120,RPARA,120,RPARA,107,RPARA,120,RPARA,120,RPARA,120,RPARA,120,RPARA,120,RPARA,120,RPARA,120,RPARA,120,RPARA,120,RPARA,120,RPARA,13,RPARA,133,RPARA,14,RPARA,133,RPARA,27,RPARA,133,RPARA,38,RPARA,42,RPARA,53,RPARA,120,RPARA,61,RPARA,65,RPARA,120,RPARA,120,RPARA,80,RPARA,120,RPARA,120,RPARA,120,RPARA,120,RPARA,120,RPARA,120,RPARA,120,RPARA,120,RPARA,84,RPARA,120,RPARA,125,RPARA,120,RPARA,132,RPARA,120,RPARA,120,RPARA,120,RPARA,120,RPARA,16,RPARA,28,RPARA,15,RPARA,133,0,0,RPARA
12,0,LPARA,133,LPARA,133,LPARA,133,LPARA,133,LPARA,133,LPARA,30,LPARA,133,LPARA,12,LPARA,11,LPARA,20,LPARA,17,LPARA,25,LPARA,19,LPARA,133,LPARA,37,LPARA,2,LPARA,1,LPARA,1,LPARA,1,LPARA,1,LPARA,1,LPARA,1,LPARA,1,LPARA,1,LPARA,1,LPARA,32,LPARA,21,LPARA,8,LPARA,5,LPARA,7,LPARA,133,LPARA,22,LPARA,120,LPARA,104,LPARA,120,LPARA,120,LPARA,120,LPARA,120,LPARA,120,LPARA,120,LPARA,120,LPARA,120,LPARA,120,LPARA,120,LPARA,100,LPARA,120,LPARA,120,LPARA,107,LPARA,120,LPARA,120,LPARA,120,LPARA,120,LPARA,120,LPARA,120,LPARA,120,LPARA,120,LPARA,120,LPARA,120,LPARA,13,LPARA,133,LPARA,14,LPARA,133,LPARA,27,LPARA,133,LPARA,38,LPARA,42,LPARA,53,LPARA,120,LPARA,61,LPARA,65,LPARA,120,LPARA,120,LPARA,80,LPARA,120,LPARA,120,LPARA,120,LPARA,120,LPARA,120,LPARA,120,LPARA,120,LPARA,120,LPARA,84,LPARA,120,LPARA,125,LPARA,120,LPARA,132,LPARA,120,LPARA,120,LPARA,120,LPARA,120,LPARA,16,LPARA,28,LPARA,15,LPARA,133,0,0,LPARA
13,0,LSQUARE,133,LSQUARE,133,LSQUARE,133,LSQUARE,133,LSQUARE,133,LSQUARE,30,LSQUARE,133,LSQUARE,12,LSQUARE,11,LSQUARE,20,LSQUARE,17,LSQUARE,25,LSQUARE,19,LSQUARE,133,LSQUARE,37,LSQUARE,2,LSQUARE,1,LSQUARE,1,LSQUARE,1,LSQUARE,1,LSQUARE,1,LSQUARE,1,LSQUARE,1,LSQUARE,1,LSQUARE,1,LSQUARE,32,LSQUARE,21,LSQUARE,8,LSQUARE,5,LSQUARE,7,LSQUARE,133,LSQUARE,22,LSQUARE,120,LSQUARE,104,LSQUARE,120,LSQUARE,120,LSQUARE,120,LSQUARE,120,LSQUARE,120,LSQUARE,120,LSQUARE,120,LSQUARE,120,LSQUARE,120,LSQUARE,120,LSQUARE,100,LSQUARE,120,LSQUARE,120,LSQUARE,107,LSQUARE,120,LSQUARE,120,LSQUARE,120,LSQUARE,120,LSQUARE,120,LSQUARE,120,LSQUARE,120,LSQUARE,120,LSQUARE,120,LSQUARE,120,LSQUARE,13,LSQUARE,133,LSQUARE,14,LSQUARE,133,LSQUARE,27,LSQUARE,133,LSQUARE,38,LSQUARE,42,LSQUARE,53,LSQUARE,120,LSQUARE,61,LSQUARE,65,LSQUARE,120,LSQUARE,120,LSQUARE,80,LSQUARE,120,LSQUARE,120,LSQUARE,120,LSQUARE,120,LSQUARE,120,LSQUARE,120,LSQUARE,120,LSQUARE,120,LSQUARE,84,LSQUARE,120,LSQUARE,125,LSQUARE,120,LSQUARE,132,LSQUARE,120,LSQUARE,120,LSQUARE,120,LSQUARE,120,LSQUARE,16,LSQUARE,28,LSQUARE,15,LSQUARE,133,0,0,LSQUARE
14,0,RSQUARE,133,RSQUARE,133,RSQUARE,133,RSQUARE,133,RSQUARE,133,RSQUARE,30,RSQUARE,133,RSQUARE,12,RSQUARE,11,RSQUARE,20,RSQUARE,17,RSQUARE,25,RSQUARE,19,RSQUARE,133,RSQUARE,37,RSQUARE,2,RSQUARE,1,RSQUARE,1,RSQUARE,1,RSQUARE,1,RSQUARE,1,RSQUARE,1,RSQUARE,1,RSQUARE,1,RSQUARE,1,RSQUARE,32,RSQUARE,21,RSQUARE,8,RSQUARE,5,RSQUARE,7,RSQUARE,133,RSQUARE,22,RSQUARE,120,RSQUARE,104,RSQUARE,120,RSQUARE,120,RSQUARE,120,RSQUARE,120,RSQUARE,120,RSQUARE,120,RSQUARE,120,RSQUARE,120,RSQUARE,120,RSQUARE,120,RSQUARE,100,RSQUARE,120,RSQUARE,120,RSQUARE,107,RSQUARE,120,RSQUARE,120,RSQUARE,120,RSQUARE,120,RSQUARE,120,RSQUARE,120,RSQUARE,120,RSQUARE,120,RSQUARE,120,RSQUARE,120,RSQUARE,13,RSQUARE,133,RSQUARE,14,RSQUARE,133,RSQUARE,27,RSQUARE,133,RSQUARE,38,RSQUARE,42,RSQUARE,53,RSQUARE,120,RSQUARE,61,RSQUARE,65,RSQUARE,120,RSQUARE,120,RSQUARE,80,RSQUARE,120,RSQUARE,120,RSQUARE,120,RSQUARE,120,RSQUARE,120,RSQUARE,120,RSQUARE,120,RSQUARE,120,RSQUARE,84,RSQUARE,120,RSQUARE,125,RSQUARE,120,RSQUARE,132,RSQUARE,120,RSQUARE,120,RSQUARE,120,RSQUARE,120,RSQUARE,16,RSQUARE,28,RSQUARE,15,RSQUARE,133,0,0,RSQUARE
15,0,RBRACE,133,RBRACE,133,RBRACE,133,RBRACE,133,RBRACE,133,RBRACE,30,RBRACE,133,RBRACE,12,RBRACE,11,RBRACE,20,RBRACE,17,RBRACE,25,RBRACE,19,RBRACE,133,RBRACE,37,RBRACE,2,RBRACE,1,RBRACE,1,RBRACE,1,RBRACE,1,RBRACE,1,RBRACE,1,RBRACE,1,RBRACE,1,RBRACE,1,RBRACE,32,RBRACE,21,RBRACE,8,RBRACE,5,RBRACE,7,RBRACE,133,RBRACE,22,RBRACE,120,RBRACE,104,RBRACE,120,RBRACE,120,RBRACE,120,RBRACE,120,RBRACE,120,RBRACE,120,RBRACE,120,RBRACE,120,RBRACE,120,RBRACE,120,RBRACE,100,RBRACE,120,RBRACE,120,RBRACE,107,RBRACE,120,RBRACE,120,RBRACE,120,RBRACE,120,RBRACE,120,RBRACE,120,RBRACE,120,RBRACE,120,RBRACE,120,RBRACE,120,RBRACE,13,RBRACE,133,RBRACE,14,RBRACE,133,RBRACE,27,RBRACE,133,RBRACE,38,RBRACE,42,RBRACE,53,RBRACE,120,RBRACE,61,RBRACE,65,RBRACE,120,RBRACE,120,RBRACE,80,RBRACE,120,RBRACE,120,RBRACE,120,RBRACE,120,RBRACE,120,RBRACE,120,RBRACE,120,RBRACE,120,RBRACE,84,RBRACE,120,RBRACE,125,RBRACE,120,RBRACE,132,RBRACE,120,RBRACE,120,RBRACE,120,RBRACE,120,RBRACE,16,RBRACE,28,RBRACE,15,RBRACE,133,0,0,RBRACE
16,0,LBRACE,133,LBRACE,133,LBRACE,133,LBRACE,133,LBRACE,133,LBRACE,30,LBRACE,133,LBRACE,12,LBRACE,11,LBRACE,20,LBRACE,17,LBRACE,25,LBRACE,19,LBRACE,133,LBRACE,37,LBRACE,2,LBRACE,1,LBRACE,1,LBRACE,1,LBRACE,1,LBRACE,1,LBRACE,1,LBRACE,1,LBRACE,1,LBRACE,1,LBRACE,32,LBRACE,21,LBRACE,8,LBRACE,5,LBRACE,7,LBRACE,133,LBRACE,22,LBRACE,120,LBRACE,104,LBRACE,120,LBRACE,120,LBRACE,120,LBRACE,120,LBRACE,120,LBRACE,120,LBRACE,120,LBRACE,120,LBRACE,120,LBRACE,120,LBRACE,100,LBRACE,120,LBRACE,120,LBRACE,107,LBRACE,120,LBRACE,120,LBRACE,120,LBRACE,120,LBRACE,120,LBRACE,120,LBRACE,120,LBRACE,120,LBRACE,120,LBRACE,120,LBRACE,13,LBRACE,133,LBRACE,14,LBRACE,133,LBRACE,27,LBRACE,133,LBRACE,38,LBRACE,42,LBRACE,53,LBRACE,120,LBRACE,61,LBRACE,65,LBRACE,120,LBRACE,120,LBRACE,80,LBRACE,120,LBRACE,120,LBRACE,120,LBRACE,120,LBRACE,120,LBRACE,120,LBRACE,120,LBRACE,120,LBRACE,84,LBRACE,120,LBRACE,125,LBRACE,120,LBRACE,132,LBRACE,120,LBRACE,120,LBRACE,120,LBRACE,120,LBRACE,16,LBRACE,28,LBRACE,15,LBRACE,133,0,0,LBRACE
17,0,PLUS,133,PLUS,133,PLUS,133,PLUS,133,PLUS,133,PLUS,30,PLUS,133,PLUS,12,PLUS,11,PLUS,20,PLUS,35,0,25,PLUS,19,PLUS,133,PLUS,37,PLUS,2,PLUS,1,PLUS,1,PLUS,1,PLUS,1,PLUS,1,PLUS,1,PLUS,1,PLUS,1,PLUS,1,PLUS,32,PLUS,21,PLUS,8,PLUS,18,0,7,PLUS,133,PLUS,22,PLUS,120,PLUS,104,PLUS,120,PLUS,120,PLUS,120,PLUS,120,PLUS,120,PLUS,120,PLUS,120,PLUS,120,PLUS,120,PLUS,120,PLUS,100,PLUS,120,PLUS,120,PLUS,107,PLUS,120,PLUS,120,PLUS,120,PLUS,120,PLUS,120,PLUS,120,PLUS,120,PLUS,120,PLUS,120,PLUS,120,PLUS,13,PLUS,133,PLUS,14,PLUS,133,PLUS,27,PLUS,133,PLUS,38,PLUS,42,PLUS,53,PLUS,120,PLUS,61,PLUS,65,PLUS,120,PLUS,120,PLUS,80,PLUS,120,PLUS,120,PLUS,120,PLUS,120,PLUS,120,PLUS,120,PLUS,120,PLUS,120,PLUS,84,PLUS,120,PLUS,125,PLUS,120,PLUS,132,PLUS,120,PLUS,120,PLUS,120,PLUS,120,PLUS,16,PLUS,28,PLUS,15,PLUS,133,0,0,PLUS
18,0,PL_EQ,133,PL_EQ,133,PL_EQ,133,PL_EQ,133,PL_EQ,133,PL_EQ,30,PL_EQ,133,PL_EQ,12,PL_EQ,11,PL_EQ,20,PL_EQ,17,PL_EQ,25,PL_EQ,19,PL_EQ,133,PL_EQ,37,PL_EQ,2,PL_EQ,1,PL_EQ,1,PL_EQ,1,PL_EQ,1,PL_EQ,1,PL_EQ,1,PL_EQ,1,PL_EQ,1,PL_EQ,1,PL_EQ,32,PL_EQ,21,PL_EQ,8,PL_EQ,5,PL_EQ,7,PL_EQ,133,PL_EQ,22,PL_EQ,120,PL_EQ,104,PL_EQ,120,PL_EQ,120,PL_EQ,120,PL_EQ,120,PL_EQ,120,PL_EQ,120,PL_EQ,120,PL_EQ,120,PL_EQ,120,PL_EQ,120,PL_EQ,100,PL_EQ,120,PL_EQ,120,PL_EQ,107,PL_EQ,120,PL_EQ,120,PL_EQ,120,PL_EQ,120,PL_EQ,120,PL_EQ,120,PL_EQ,120,PL_EQ,120,PL_EQ,120,PL_EQ,120,PL_EQ,13,PL_EQ,133,PL_EQ,14,PL_EQ,133,PL_EQ,27,PL_EQ,133,PL_EQ,38,PL_EQ,42,PL_EQ,53,PL_EQ,120,PL_EQ,61,PL_EQ,65,PL_EQ,120,PL_EQ,120,PL_EQ,80,PL_EQ,120,PL_EQ,120,PL_EQ,120,PL_EQ,120,PL_EQ,120,PL_EQ,120,PL_EQ,120,PL_EQ,120,PL_EQ,84,PL_EQ,120,PL_EQ,125,PL_EQ,120,PL_EQ,132,PL_EQ,120,PL_EQ,120,PL_EQ,120,PL_EQ,120,PL_EQ,16,PL_EQ,28,PL_EQ,15,PL_EQ,133,0,0,PL_EQ
19,0,MINUS,133,MINUS,133,MINUS,133,MINUS,133,MINUS,133,MINUS,30,MINUS,133,MINUS,12,MINUS,11,MINUS,20,MINUS,17,MINUS,25,MINUS,36,0,133,MINUS,37,MINUS,2,MINUS,1,MINUS,1,MINUS,1,MINUS,1,MINUS,1,MINUS,1,MINUS,1,MINUS,1,MINUS,1,MINUS,32,MINUS,21,MINUS,8,MINUS,5,MINUS,7,MINUS,133,MINUS,22,MINUS,120,MINUS,104,MINUS,120,MINUS,120,MINUS,120,MINUS,120,MINUS,120,MINUS,120,MINUS,120,MINUS,120,MINUS,120,MINUS,120,MINUS,100,MINUS,120,MINUS,120,MINUS,107,MINUS,120,MINUS,120,MINUS,120,MINUS,120,MINUS,120,MINUS,120,MINUS,120,MINUS,120,MINUS,120,MINUS,120,MINUS,13,MINUS,133,MINUS,14,MINUS,133,MINUS,27,MINUS,133,MINUS,38,MINUS,42,MINUS,53,MINUS,120,MINUS,61,MINUS,65,MINUS,120,MINUS,120,MINUS,80,MINUS,120,MINUS,120,MINUS,120,MINUS,120,MINUS,120,MINUS,120,MINUS,120,MINUS,120,MINUS,84,MINUS,120,MINUS,125,MINUS,120,MINUS,132,MINUS,120,MINUS,120,MINUS,120,MINUS,120,MINUS,16,MINUS,28,MINUS,15,MINUS,133,0,0,MINUS
20,0,MULTIPLY,133,MULTIPLY,133,MULTIPLY,133,MULTIPLY,133,MULTIPLY,133,MULTIPLY,30,MULTIPLY,133,MULTIPLY,12,MULTIPLY,11,MULTIPLY,20,MULTIPLY,17,MULTIPLY,25,MULTIPLY,19,MULTIPLY,133,MULTIPLY,37,MULTIPLY,2,MULTIPLY,1,MULTIPLY,1,MULTIPLY,1,MULTIPLY,1,MULTIPLY,1,MULTIPLY,1,MULTIPLY,1,MULTIPLY,1,MULTIPLY,1,MULTIPLY,32,MULTIPLY,21,MULTIPLY,8,MULTIPLY,5,MULTIPLY,7,MULTIPLY,133,MULTIPLY,22,MULTIPLY,120,MULTIPLY,104,MULTIPLY,120,MULTIPLY,120,MULTIPLY,120,MULTIPLY,120,MULTIPLY,120,MULTIPLY,120,MULTIPLY,120,MULTIPLY,120,MULTIPLY,120,MULTIPLY,120,MULTIPLY,100,MULTIPLY,120,MULTIPLY,120,MULTIPLY,107,MULTIPLY,120,MULTIPLY,120,MULTIPLY,120,MULTIPLY,120,MULTIPLY,120,MULTIPLY,120,MULTIPLY,120,MULTIPLY,120,MULTIPLY,120,MULTIPLY,120,MULTIPLY,13,MULTIPLY,133,MULTIPLY,14,MULTIPLY,133,MULTIPLY,27,MULTIPLY,133,MULTIPLY,38,MULTIPLY,42,MULTIPLY,53,MULTIPLY,120,MULTIPLY,61,MULTIPLY,65,MULTIPLY,120,MULTIPLY,120,MULTIPLY,80,MULTIPLY,120,MULTIPLY,120,MULTIPLY,120,MULTIPLY,120,MULTIPLY,120,MULTIPLY,120,MULTIPLY,120,MULTIPLY,120,MULTIPLY,84,MULTIPLY,120,MULTIPLY,125,MULTIPLY,120,MULTIPLY,132,MULTIPLY,120,MULTIPLY,120,MULTIPLY,120,MULTIPLY,120,MULTIPLY,16,MULTIPLY,28,MULTIPLY,15,MULTIPLY,133,0,0,MULTIPLY
21,0,SEMI_CL,133,SEMI_CL,133,SEMI_CL,133,SEMI_CL,133,SEMI_CL,133,SEMI_CL,30,SEMI_CL,133,SEMI_CL,12,SEMI_CL,11,SEMI_CL,20,SEMI_CL,17,SEMI_CL,25,SEMI_CL,19,SEMI_CL,133,SEMI_CL,37,SEMI_CL,2,SEMI_CL,1,SEMI_CL,1,SEMI_CL,1,SEMI_CL,1,SEMI_CL,1,SEMI_CL,1,SEMI_CL,1,SEMI_CL,1,SEMI_CL,1,SEMI_CL,32,SEMI_CL,21,SEMI_CL,8,SEMI_CL,5,SEMI_CL,7,SEMI_CL,133,SEMI_CL,22,SEMI_CL,120,SEMI_CL,104,SEMI_CL,120,SEMI_CL,120,SEMI_CL,120,SEMI_CL,120,SEMI_CL,120,SEMI_CL,120,SEMI_CL,120,SEMI_CL,120,SEMI_CL,120,SEMI_CL,120,SEMI_CL,100,SEMI_CL,120,SEMI_CL,120,SEMI_CL,107,SEMI_CL,120,SEMI_CL,120,SEMI_CL,120,SEMI_CL,120,SEMI_CL,120,SEMI_CL,120,SEMI_CL,120,SEMI_CL,120,SEMI_CL,120,SEMI_CL,120,SEMI_CL,13,SEMI_CL,133,SEMI_CL,14,SEMI_CL,133,SEMI_CL,27,SEMI_CL,133,SEMI_CL,38,SEMI_CL,42,SEMI_CL,53,SEMI_CL,120,SEMI_CL,61,SEMI_CL,65,SEMI_CL,120,SEMI_CL,120,SEMI_CL,80,SEMI_CL,120,SEMI_CL,120,SEMI_CL,120,SEMI_CL,120,SEMI_CL,120,SEMI_CL,120,SEMI_CL,120,SEMI_CL,120,SEMI_CL,84,SEMI_CL,120,SEMI_CL,125,SEMI_CL,120,SEMI_CL,132,SEMI_CL,120,SEMI_CL,120,SEMI_CL,120,SEMI_CL,120,SEMI_CL,16,SEMI_CL,28,SEMI_CL,15,SEMI_CL,133,0,0,SEMI_CL
22,133,0,133,0,133,0,133,0,133,0,133,0,133,0,133,0,133,0,133,0,133,0,133,0,133,0,133,0,133,0,133,0,133,0,133,0,133,0,133,0,133,0,133,0,133,0,133,0,133,0,133,0,133,0,133,0,133,0,133,0,133,0,133,0,133,0,133,0,133,0,133,0,133,0,133,0,133,0,133,0,133,0,133,0,133,0,133,0,133,0,133,0,133,0,133,0,133,0,133,0,133,0,133,0,133,0,133,0,133,0,133,0,133,0,133,0,133,0,133,0,133,0,133,0,133,0,133,0,133,0,133,0,133,0,133,0,133,0,133,0,133,0,133,0,133,0,133,0,133,0,133,0,133,0,133,0,133,0,133,0,133,0,133,0,133,0,133,0,133,0,133,0,133,0,133,0,133,0,133,0,133,0,133,0,133,0,133,0,23,0,133,INVALID_OP
23,23,0,23,0,23,0,23,0,23,0,23,0,23,0,23,0,23,0,23,0,23,0,23,0,23,0,23,0,23,0,23,0,23,0,23,0,23,0,23,0,23,0,23,0,23,0,23,0,23,0,23,0,23,0,23,0,23,0,23,0,23,0,23,0,23,0,23,0,23,0,23,0,23,0,23,0,23,0,23,0,23,0,23,0,23,0,23,0,23,0,23,0,23,0,23,0,23,0,23,0,23,0,23,0,23,0,23,0,23,0,23,0,23,0,23,0,23,0,23,0,23,0,23,0,23,0,23,0,23,0,23,0,23,0,23,0,23,0,23,0,23,0,23,0,23,0,23,0,23,0,23,0,23,0,23,0,23,0,23,0,23,0,23,0,23,0,23,0,23,0,23,0,23,0,23,0,23,0,23,0,23,0,23,0,23,0,23,0,24,0,23,OPEN_CMNT
24,23,0,23,0,23,0,23,0,23,0,23,0,23,0,23,0,23,0,23,0,23,0,23,0,23,0,23,0,23,0,23,0,23,0,23,0,23,0,23,0,23,0,23,0,23,0,23,0,23,0,23,0,23,0,23,0,23,0,23,0,23,0,23,0,0,0,23,0,23,0,23,0,23,0,23,0,23,0,23,0,23,0,23,0,23,0,23,0,23,0,23,0,23,0,23,0,23,0,23,0,23,0,23,0,23,0,23,0,23,0,23,0,23,0,23,0,23,0,23,0,23,0,23,0,23,0,23,0,23,0,23,0,23,0,23,0,23,0,23,0,23,0,23,0,23,0,23,0,23,0,23,0,23,0,23,0,23,0,23,0,23,0,23,0,23,0,23,0,23,0,23,0,23,0,23,0,23,0,23,0,23,0,23,0,23,0,23,0,23,0,23,OPEN_CMNT
25,0,COMMA,133,COMMA,133,COMMA,133,COMMA,133,COMMA,133,COMMA,30,COMMA,133,COMMA,12,COMMA,11,COMMA,20,COMMA,17,COMMA,25,COMMA,19,COMMA,133,COMMA,37,COMMA,2,COMMA,1,COMMA,1,COMMA,1,COMMA,1,COMMA,1,COMMA,1,COMMA,1,COMMA,1,COMMA,1,COMMA,32,COMMA,21,COMMA,8,COMMA,5,COMMA,7,COMMA,133,COMMA,22,COMMA,120,COMMA,104,COMMA,120,COMMA,120,COMMA,120,COMMA,120,COMMA,120,COMMA,120,COMMA,120,COMMA,120,COMMA,120,COMMA,120,COMMA,100,COMMA,120,COMMA,120,COMMA,107,COMMA,120,COMMA,120,COMMA,120,COMMA,120,COMMA,120,COMMA,120,COMMA,120,COMMA,120,COMMA,120,COMMA,120,COMMA,13,COMMA,133,COMMA,14,COMMA,133,COMMA,27,COMMA,133,0,38,COMMA,42,COMMA,53,COMMA,120,COMMA,61,COMMA,65,COMMA,120,COMMA,120,COMMA,80,COMMA,120,COMMA,120,COMMA,120,COMMA,120,COMMA,120,COMMA,120,COMMA,120,COMMA,120,COMMA,84,COMMA,120,COMMA,125,COMMA,120,COMMA,132,COMMA,120,COMMA,120,COMMA,120,COMMA,120,COMMA,16,COMMA,28,COMMA,15,COMMA,133,0,0,COMMA
26,0,ID,133,ID,133,ID,133,ID,133,ID,133,ID,30,ID,133,ID,12,ID,11,ID,20,ID,17,ID,25,ID,19,ID,133,ID,37,ID,2,ID,1,ID,1,ID,1,ID,1,ID,1,ID,1,ID,1,ID,1,ID,1,ID,32,ID,21,ID,8,ID,5,ID,7,ID,133,ID,22,ID,120,ID,104,ID,120,ID,120,ID,120,ID,120,ID,120,ID,120,ID,120,ID,120,ID,120,ID,120,ID,100,ID,120,ID,120,ID,107,ID,120,ID,120,ID,120,ID,120,ID,120,ID,120,ID,120,ID,120,ID,120,ID,120,ID,13,ID,133,ID,14,ID,133,ID,27,ID,133,0,38,ID,42,ID,53,ID,120,ID,61,ID,65,ID,120,ID,120,ID,80,ID,120,ID,120,ID,120,ID,120,ID,120,ID,120,ID,120,ID,120,ID,84,ID,120,ID,125,ID,120,ID,132,ID,120,ID,120,ID,120,ID,120,ID,16,ID,28,ID,15,ID,133,0,0,ID
27,0,ID,133,ID,133,ID,133,ID,133,ID,133,ID,30,ID,133,ID,12,ID,11,ID,20,ID,17,ID,25,ID,19,ID,133,ID,37,ID,2,ID,1,ID,1,ID,1,ID,1,ID,1,ID,1,ID,1,ID,1,ID,1,ID,32,ID,21,ID,8,ID,5,ID,7,ID,133,ID,22,ID,120,ID,104,ID,120,ID,120,ID,120,ID,120,ID,120,ID,120,ID,120,ID,120,ID,120,ID,120,ID,100,ID,120,ID,120,ID,107,ID,120,ID,120,ID,120,ID,120,ID,120,ID,120,ID,120,ID,120,ID,120,ID,120,ID,13,ID,133,ID,14,ID,133,ID,27,ID,133,0,38,ID,42,ID,53,ID,120,ID,61,ID,65,ID,120,ID,120,ID,80,ID,120,ID,120,ID,120,ID,120,ID,120,ID,120,ID,120,ID,120,ID,84,ID,120,ID,125,ID,120,ID,132,ID,120,ID,120,ID,120,ID,120,ID,16,ID,28,ID,15,ID,133,0,0,ID
28,133,0,133,0,133,0,133,0,133,0,133,0,133,0,133,0,133,0,133,0,133,0,133,0,133,0,133,0,133,0,133,0,2,INVALID_OP,1,INVALID_OP,1,INVALID_OP,1,INVALID_OP,1,INVALID_OP,1,INVALID_OP,1,INVALID_OP,1,INVALID_OP,1,INVALID_OP,1,INVALID_OP,133,0,133,0,133,0,133,0,133,0,133,0,133,0,133,0,133,0,133,0,133,0,133,0,133,0,133,0,133,0,133,0,133,0,133,0,133,0,133,0,133,0,133,0,107,0,133,0,133,0,133,0,133,0,133,0,133,0,133,0,133,0,133,0,133,0,133,0,133,0,133,0,133,0,133,0,133,0,133,0,133,0,133,0,133,0,133,0,133,0,133,0,133,0,133,0,133,0,133,0,133,0,133,0,133,0,133,0,133,0,133,0,133,0,133,0,133,0,120,0,133,0,133,0,133,0,133,0,133,0,133,0,29,0,15,0,133,0,133,INVALID_OP
29,0,LOG_OR,133,LOG_OR,133,LOG_OR,133,LOG_OR,133,LOG_OR,133,LOG_OR,30,LOG_OR,133,LOG_OR,12,LOG_OR,11,LOG_OR,20,LOG_OR,17,LOG_OR,25,LOG_OR,19,LOG_OR,133,LOG_OR,37,LOG_OR,2,LOG_OR,1,LOG_OR,1,LOG_OR,1,LOG_OR,1,LOG_OR,1,LOG_OR,1,LOG_OR,1,LOG_OR,1,LOG_OR,1,LOG_OR,32,LOG_OR,21,LOG_OR,8,LOG_OR,5,LOG_OR,7,LOG_OR,133,LOG_OR,22,LOG_OR,120,LOG_OR,104,LOG_OR,120,LOG_OR,120,LOG_OR,120,LOG_OR,120,LOG_OR,120,LOG_OR,120,LOG_OR,120,LOG_OR,120,LOG_OR,120,LOG_OR,120,LOG_OR,100,LOG_OR,120,LOG_OR,120,LOG_OR,107,LOG_OR,120,LOG_OR,120,LOG_OR,120,LOG_OR,120,LOG_OR,120,LOG_OR,120,LOG_OR,120,LOG_OR,120,LOG_OR,120,LOG_OR,120,LOG_OR,13,LOG_OR,133,LOG_OR,14,LOG_OR,133,LOG_OR,27,LOG_OR,133,0,38,LOG_OR,42,LOG_OR,53,LOG_OR,120,LOG_OR,61,LOG_OR,65,LOG_OR,120,LOG_OR,120,LOG_OR,80,LOG_OR,120,LOG_OR,120,LOG_OR,120,LOG_OR,120,LOG_OR,120,LOG_OR,120,LOG_OR,120,LOG_OR,120,LOG_OR,84,LOG_OR,120,LOG_OR,125,LOG_OR,120,LOG_OR,132,LOG_OR,120,LOG_OR,120,LOG_OR,120,LOG_OR,120,LOG_OR,16,LOG_OR,28,LOG_OR,15,LOG_OR,133,0,0,LOG_OR
30,133,0,133,0,133,0,133,0,133,0,133,0,31,0,133,0,133,0,133,0,133,0,133,0,133,0,133,0,133,0,133,0,2,INVALID_OP,1,INVALID_OP,1,INVALID_OP,1,INVALID_OP,1,INVALID_OP,1,INVALID_OP,1,INVALID_OP,1,INVALID_OP,1,INVALID_OP,1,INVALID_OP,133,0,133,0,133,0,133,0,133,0,133,0,133,0,133,0,133,0,133,0,133,0,133,0,133,0,133,0,133,0,133,0,133,0,133,0,133,0,133,0,133,0,133,0,107,0,133,0,133,0,133,0,133,0,133,0,133,0,133,0,133,0,133,0,133,0,133,0,133,0,133,0,133,0,133,0,133,0,133,0,133,0,133,0,133,0,133,0,133,0,133,0,133,0,133,0,133,0,133,0,133,0,133,0,133,0,133,0,133,0,133,0,133,0,133,0,133,0,120,0,133,0,133,0,133,0,133,0,133,0,133,0,133,0,15,0,133,0,133,INVALID_OP
31,0,LOG_AND,133,LOG_AND,133,LOG_AND,133,LOG_AND,133,LOG_AND,133,LOG_AND,30,LOG_AND,133,LOG_AND,12,LOG_AND,11,LOG_AND,20,LOG_AND,17,LOG_AND,25,LOG_AND,19,LOG_AND,133,LOG_AND,37,LOG_AND,2,LOG_AND,1,LOG_AND,1,LOG_AND,1,LOG_AND,1,LOG_AND,1,LOG_AND,1,LOG_AND,1,LOG_AND,1,LOG_AND,1,LOG_AND,32,LOG_AND,21,LOG_AND,8,LOG_AND,5,LOG_AND,7,LOG_AND,133,LOG_AND,22,LOG_AND,120,LOG_AND,104,LOG_AND,120,LOG_AND,120,LOG_AND,120,LOG_AND,120,LOG_AND,120,LOG_AND,120,LOG_AND,120,LOG_AND,120,LOG_AND,120,LOG_AND,120,LOG_AND,100,LOG_AND,120,LOG_AND,120,LOG_AND,107,LOG_AND,120,LOG_AND,120,LOG_AND,120,LOG_AND,120,LOG_AND,120,LOG_AND,120,LOG_AND,120,LOG_AND,120,LOG_AND,120,LOG_AND,120,LOG_AND,13,LOG_AND,133,LOG_AND,14,LOG_AND,133,LOG_AND,27,LOG_AND,133,0,38,LOG_AND,42,LOG_AND,53,LOG_AND,120,LOG_AND,61,LOG_AND,65,LOG_AND,120,LOG_AND,120,LOG_AND,80,LOG_AND,120,LOG_AND,120,LOG_AND,120,LOG_AND,120,LOG_AND,120,LOG_AND,120,LOG_AND,120,LOG_AND,120,LOG_AND,84,LOG_AND,120,LOG_AND,125,LOG_AND,120,LOG_AND,132,LOG_AND,120,LOG_AND,120,LOG_AND,120,LOG_AND,120,LOG_AND,16,LOG_AND,28,LOG_AND,15,LOG_AND,133,0,0,LOG_AND
32,0,COLON,133,COLON,133,COLON,133,COLON,133,COLON,133,COLON,30,COLON,133,COLON,12,COLON,11,COLON,20,COLON,17,COLON,25,COLON,19,COLON,133,COLON,37,COLON,2,COLON,1,COLON,1,COLON,1,COLON,1,COLON,1,COLON,1,COLON,1,COLON,1,COLON,1,COLON,32,COLON,21,COLON,8,COLON,33,0,7,COLON,133,COLON,22,COLON,120,COLON,104,COLON,120,COLON,120,COLON,120,COLON,120,COLON,120,COLON,120,COLON,120,COLON,120,COLON,120,COLON,120,COLON,100,COLON,120,COLON,120,COLON,107,COLON,120,COLON,120,COLON,120,COLON,120,COLON,120,COLON,120,COLON,120,COLON,120,COLON,120,COLON,120,COLON,13,COLON,133,COLON,14,COLON,133,COLON,27,COLON,133,0,38,COLON,42,COLON,53,COLON,120,COLON,61,COLON,65,COLON,120,COLON,120,COLON,80,COLON,120,COLON,120,COLON,120,COLON,120,COLON,120,COLON,120,COLON,120,COLON,120,COLON,84,COLON,120,COLON,125,COLON,120,COLON,132,COLON,120,COLON,120,COLON,120,COLON,120,COLON,16,COLON,28,COLON,15,COLON,133,0,0,COLON
33,0,COL_ASSIGN,133,COL_ASSIGN,133,COL_ASSIGN,133,COL_ASSIGN,133,COL_ASSIGN,133,COL_ASSIGN,30,COL_ASSIGN,133,COL_ASSIGN,12,COL_ASSIGN,11,COL_ASSIGN,20,COL_ASSIGN,17,COL_ASSIGN,25,COL_ASSIGN,19,COL_ASSIGN,133,COL_ASSIGN,37,COL_ASSIGN,2,COL_ASSIGN,1,COL_ASSIGN,1,COL_ASSIGN,1,COL_ASSIGN,1,COL_ASSIGN,1,COL_ASSIGN,1,COL_ASSIGN,1,COL_ASSIGN,1,COL_ASSIGN,1,COL_ASSIGN,32,COL_ASSIGN,21,COL_ASSIGN,8,COL_ASSIGN,5,COL_ASSIGN,7,COL_ASSIGN,133,COL_ASSIGN,22,COL_ASSIGN,120,COL_ASSIGN,104,COL_ASSIGN,120,COL_ASSIGN,120,COL_ASSIGN,120,COL_ASSIGN,120,COL_ASSIGN,120,COL_ASSIGN,120,COL_ASSIGN,120,COL_ASSIGN,120,COL_ASSIGN,120,COL_ASSIGN,120,COL_ASSIGN,100,COL_ASSIGN,120,COL_ASSIGN,120,COL_ASSIGN,107,COL_ASSIGN,120,COL_ASSIGN,120,COL_ASSIGN,120,COL_ASSIGN,120,COL_ASSIGN,120,COL_ASSIGN,120,COL_ASSIGN,120,COL_ASSIGN,120,COL_ASSIGN,120,COL_ASSIGN,120,COL_ASSIGN,13,COL_ASSIGN,133,COL_ASSIGN,14,COL_ASSIGN,133,COL_ASSIGN,27,COL_ASSIGN,133,0,38,COL_ASSIGN,42,COL_ASSIGN,53,COL_ASSIGN,120,COL_ASSIGN,61,COL_ASSIGN,65,COL_ASSIGN,120,COL_ASSIGN,120,COL_ASSIGN,80,COL_ASSIGN,120,COL_ASSIGN,120,COL_ASSIGN,120,COL_ASSIGN,120,COL_ASSIGN,120,COL_ASSIGN,120,COL_ASSIGN,120,COL_ASSIGN,120,COL_ASSIGN,84,COL_ASSIGN,120,COL_ASSIGN,125,COL_ASSIGN,120,COL_ASSIGN,132,COL_ASSIGN,120,COL_ASSIGN,120,COL_ASSIGN,120,COL_ASSIGN,120,COL_ASSIGN,16,COL_ASSIGN,28,COL_ASSIGN,15,COL_ASSIGN,133,0,0,COL_ASSIGN
34,0,INPOP,133,INPOP,133,INPOP,133,INPOP,133,INPOP,133,INPOP,30,INPOP,133,INPOP,12,INPOP,11,INPOP,20,INPOP,17,INPOP,25,INPOP,19,INPOP,133,INPOP,37,INPOP,2,INPOP,1,INPOP,1,INPOP,1,INPOP,1,INPOP,1,INPOP,1,INPOP,1,INPOP,1,INPOP,1,INPOP,32,INPOP,21,INPOP,8,INPOP,5,INPOP,7,INPOP,133,INPOP,22,INPOP,120,INPOP,104,INPOP,120,INPOP,120,INPOP,120,INPOP,120,INPOP,120,INPOP,120,INPOP,120,INPOP,120,INPOP,120,INPOP,120,INPOP,100,INPOP,120,INPOP,120,INPOP,107,INPOP,120,INPOP,120,INPOP,120,INPOP,120,INPOP,120,INPOP,120,INPOP,120,INPOP,120,INPOP,120,INPOP,120,INPOP,13,INPOP,133,INPOP,14,INPOP,133,INPOP,27,INPOP,133,0,38,INPOP,42,INPOP,53,INPOP,120,INPOP,61,INPOP,65,INPOP,120,INPOP,120,INPOP,80,INPOP,120,INPOP,120,INPOP,120,INPOP,120,INPOP,120,INPOP,120,INPOP,120,INPOP,120,INPOP,84,INPOP,120,INPOP,125,INPOP,120,INPOP,132,INPOP,120,INPOP,120,INPOP,120,INPOP,120,INPOP,16,INPOP,28,INPOP,15,INPOP,133,0,0,INPOP
35,0,UNARY_INCR,133,UNARY_INCR,133,UNARY_INCR,133,UNARY_INCR,133,UNARY_INCR,133,UNARY_INCR,30,UNARY_INCR,133,UNARY_INCR,12,UNARY_INCR,11,UNARY_INCR,20,UNARY_INCR,17,UNARY_INCR,25,UNARY_INCR,19,UNARY_INCR,133,UNARY_INCR,37,UNARY_INCR,2,UNARY_INCR,1,UNARY_INCR,1,UNARY_INCR,1,UNARY_INCR,1,UNARY_INCR,1,UNARY_INCR,1,UNARY_INCR,1,UNARY_INCR,1,UNARY_INCR,1,UNARY_INCR,32,UNARY_INCR,21,UNARY_INCR,8,UNARY_INCR,5,UNARY_INCR,7,UNARY_INCR,133,UNARY_INCR,22,UNARY_INCR,120,UNARY_INCR,104,UNARY_INCR,120,UNARY_INCR,120,UNARY_INCR,120,UNARY_INCR,120,UNARY_INCR,120,UNARY_INCR,120,UNARY_INCR,120,UNARY_INCR,120,UNARY_INCR,120,UNARY_INCR,120,UNARY_INCR,100,UNARY_INCR,120,UNARY_INCR,120,UNARY_INCR,107,UNARY_INCR,120,UNARY_INCR,120,UNARY_INCR,120,UNARY_INCR,120,UNARY_INCR,120,UNARY_INCR,120,UNARY_INCR,120,UNARY_INCR,120,UNARY_INCR,120,UNARY_INCR,120,UNARY_INCR,13,UNARY_INCR,133,UNARY_INCR,14,UNARY_INCR,133,UNARY_INCR,27,UNARY_INCR,133,0,38,UNARY_INCR,42,UNARY_INCR,53,UNARY_INCR,120,UNARY_INCR,61,UNARY_INCR,65,UNARY_INCR,120,UNARY_INCR,120,UNARY_INCR,80,UNARY_INCR,120,UNARY_INCR,120,UNARY_INCR,120,UNARY_INCR,120,UNARY_INCR,120,UNARY_INCR,120,UNARY_INCR,120,UNARY_INCR,120,UNARY_INCR,84,UNARY_INCR,120,UNARY_INCR,125,UNARY_INCR,120,UNARY_INCR,132,UNARY_INCR,120,UNARY_INCR,120,UNARY_INCR,120,UNARY_INCR,120,UNARY_INCR,16,UNARY_INCR,28,UNARY_INCR,15,UNARY_INCR,133,0,0,UNARY_INCR
36,0,UNARY_DECR,133,UNARY_DECR,133,UNARY_DECR,133,UNARY_DECR,133,UNARY_DECR,133,UNARY_DECR,30,UNARY_DECR,133,UNARY_DECR,12,UNARY_DECR,11,UNARY_DECR,20,UNARY_DECR,17,UNARY_DECR,25,UNARY_DECR,19,UNARY_DECR,133,UNARY_DECR,37,UNARY_DECR,2,UNARY_DECR,1,UNARY_DECR,1,UNARY_DECR,1,UNARY_DECR,1,UNARY_DECR,1,UNARY_DECR,1,UNARY_DECR,1,UNARY_DECR,1,UNARY_DECR,1,UNARY_DECR,32,UNARY_DECR,21,UNARY_DECR,8,UNARY_DECR,5,UNARY_DECR,7,UNARY_DECR,133,UNARY_DECR,22,UNARY_DECR,120,UNARY_DECR,104,UNARY_DECR,120,UNARY_DECR,120,UNARY_DECR,120,UNARY_DECR,120,UNARY_DECR,120,UNARY_DECR,120,UNARY_DECR,120,UNARY_DECR,120,UNARY_DECR,120,UNARY_DECR,120,UNARY_DECR,100,UNARY_DECR,120,UNARY_DECR,120,UNARY_DECR,107,UNARY_DECR,120,UNARY_DECR,120,UNARY_DECR,120,UNARY_DECR,120,UNARY_DECR,120,UNARY_DECR,120,UNARY_DECR,120,UNARY_DECR,120,UNARY_DECR,120,UNARY_DECR,120,UNARY_DECR,13,UNARY_DECR,133,UNARY_DECR,14,UNARY_DECR,133,UNARY_DECR,27,UNARY_DECR,133,0,38,UNARY_DECR,42,UNARY_DECR,53,UNARY_DECR,120,UNARY_DECR,61,UNARY_DECR,65,UNARY_DECR,120,UNARY_DECR,120,UNARY_DECR,80,UNARY_DECR,120,UNARY_DECR,120,UNARY_DECR,120,UNARY_DECR,120,UNARY_DECR,120,UNARY_DECR,120,UNARY_DECR,120,UNARY_DECR,120,UNARY_DECR,84,UNARY_DECR,120,UNARY_DECR,125,UNARY_DECR,120,UNARY_DECR,132,UNARY_DECR,120,UNARY_DECR,120,UNARY_DECR,120,UNARY_DECR,120,UNARY_DECR,16,UNARY_DECR,28,UNARY_DECR,15,UNARY_DECR,133,0,0,UNARY_DECR
37,0,DIVIDE,133,DIVIDE,133,DIVIDE,133,DIVIDE,133,DIVIDE,133,DIVIDE,30,DIVIDE,133,DIVIDE,12,DIVIDE,11,DIVIDE,20,DIVIDE,17,DIVIDE,25,DIVIDE,19,DIVIDE,133,DIVIDE,37,DIVIDE,2,DIVIDE,1,DIVIDE,1,DIVIDE,1,DIVIDE,1,DIVIDE,1,DIVIDE,1,DIVIDE,1,DIVIDE,1,DIVIDE,1,DIVIDE,32,DIVIDE,21,DIVIDE,8,DIVIDE,5,DIVIDE,7,DIVIDE,133,DIVIDE,22,DIVIDE,120,DIVIDE,104,DIVIDE,120,DIVIDE,120,DIVIDE,120,DIVIDE,120,DIVIDE,120,DIVIDE,120,DIVIDE,120,DIVIDE,120,DIVIDE,120,DIVIDE,120,DIVIDE,100,DIVIDE,120,DIVIDE,120,DIVIDE,107,DIVIDE,120,DIVIDE,120,DIVIDE,120,DIVIDE,120,DIVIDE,120,DIVIDE,120,DIVIDE,120,DIVIDE,120,DIVIDE,120,DIVIDE,120,DIVIDE,13,DIVIDE,133,DIVIDE,14,DIVIDE,133,DIVIDE,27,DIVIDE,133,0,38,DIVIDE,42,DIVIDE,53,DIVIDE,120,DIVIDE,61,DIVIDE,65,DIVIDE,120,DIVIDE,120,DIVIDE,80,DIVIDE,120,DIVIDE,120,DIVIDE,120,DIVIDE,120,DIVIDE,120,DIVIDE,120,DIVIDE,120,DIVIDE,120,DIVIDE,84,DIVIDE,120,DIVIDE,125,DIVIDE,120,DIVIDE,132,DIVIDE,120,DIVIDE,120,DIVIDE,120,DIVIDE,120,DIVIDE,16,DIVIDE,28,DIVIDE,15,DIVIDE,133,0,0,DIVIDE
38,0,ID,133,ID,133,ID,133,ID,133,ID,133,ID,30,ID,133,ID,12,ID,11,ID,20,ID,17,ID,25,ID,19,ID,133,0,37,ID,120,0,120,0,120,0,120,0,120,0,120,0,120,0,120,0,120,0,120,0,32,ID,21,ID,8,ID,5,ID,7,ID,133,ID,22,ID,120,0,120,0,120,0,120,0,120,0,120,0,120,0,120,0,120,0,120,0,120,0,120,0,120,0,120,0,120,0,120,0,120,0,120,0,120,0,120,0,120,0,120,0,120,0,120,0,120,0,120,0,13,ID,133,ID,14,0,133,ID,133,0,133,ID,120,0,120,0,120,0,39,0,120,0,120,0,120,0,120,0,120,0,120,0,120,0,120,0,120,0,120,0,120,0,120,0,120,0,120,0,120,0,120,0,120,0,120,0,120,0,120,0,120,0,120,0,16,ID,28,ID,15,ID,133,ID,0,ID
39,0,ID,133,ID,133,ID,133,ID,133,ID,133,ID,30,ID,133,ID,12,ID,11,ID,20,ID,17,ID,25,ID,19,ID,133,0,37,ID,120,0,120,0,120,0,120,0,120,0,120,0,120,0,120,0,120,0,120,0,32,ID,21,ID,8,ID,5,ID,7,ID,133,ID,22,ID,120,0,120,0,120,0,120,0,120,0,120,0,120,0,120,0,120,0,120,0,120,0,120,0,120,0,120,0,120,0,120,0,120,0,120,0,120,0,120,0,120,0,120,0,120,0,120,0,120,0,120,0,13,ID,133,ID,14,0,133,ID,133,0,133,ID,120,0,120,0,120,0,40,0,120,0,120,0,120,0,120,0,120,0,120,0,120,0,120,0,120,0,120,0,120,0,120,0,120,0,120,0,120,0,120,0,120,0,120,0,120,0,120,0,120,0,120,0,16,ID,28,ID,15,ID,133,ID,0,ID
40,0,ID,133,ID,133,ID,133,ID,133,ID,133,ID,30,ID,133,ID,12,ID,11,ID,20,ID,17,ID,25,ID,19,ID,133,0,37,ID,120,0,120,0,120,0,120,0,120,0,120,0,120,0,120,0,120,0,120,0,32,ID,21,ID,8,ID,5,ID,7,ID,133,ID,22,ID,120,0,120,0,120,0,120,0,120,0,120,0,120,0,120,0,120,0,120,0,120,0,120,0,120,0,120,0,120,0,120,0,120,0,120,0,120,0,120,0,120,0,41,0,120,0,120,0,120,0,120,0,13,ID,133,ID,14,0,133,ID,133,0,133,ID,120,0,120,0,120,0,120,0,120,0,120,0,120,0,120,0,120,0,120,0,120,0,120,0,120,0,120,0,120,0,120,0,120,0,120,0,120,0,120,0,120,0,120,0,120,0,120,0,120,0,120,0,16,ID,28,ID,15,ID,133,ID,0,ID
41,0,ADDV,133,ADDV,133,ADDV,133,ADDV,133,ADDV,133,ADDV,30,ADDV,133,ADDV,12,ADDV,11,ADDV,20,ADDV,17,ADDV,25,ADDV,19,ADDV,133,0,37,ADDV,120,0,120,0,120,0,120,0,120,0,120,0,120,0,120,0,120,0,120,0,32,ADDV,21,ADDV,8,ADDV,5,ADDV,7,ADDV,133,ADDV,22,ADDV,120,0,120,0,120,0,120,0,120,0,120,0,120,0,120,0,120,0,120,0,120,0,120,0,120,0,120,0,120,0,120,0,120,0,120,0,120,0,120,0,120,0,120,0,120,0,120,0,120,0,120,0,13,ADDV,133,ADDV,14,ADDV,133,ADDV,133,0,133,ADDV,120,0,120,0,120,0,120,0,120,0,120,0,120,0,120,0,120,0,120,0,120,0,120,0,120,0,120,0,120,0,120,0,120,0,120,0,120,0,120,0,120,0,120,0,120,0,120,0,120,0,120,0,16,ADDV,28,ADDV,15,ADDV,133,ADDV,0,ADDV
42,0,ID,133,ID,133,ID,133,ID,133,ID,133,ID,30,ID,133,ID,12,ID,11,ID,20,ID,17,ID,25,ID,19,ID,133,0,37,ID,120,0,120,0,120,0,120,0,120,0,120,0,120,0,120,0,120,0,120,0,32,ID,21,ID,8,ID,5,ID,7,ID,133,ID,22,ID,120,0,120,0,120,0,120,0,120,0,120,0,120,0,120,0,120,0,120,0,120,0,120,0,120,0,120,0,120,0,120,0,120,0,120,0,120,0,120,0,120,0,120,0,120,0,120,0,120,0,120,0,13,ID,133,ID,14,0,133,ID,133,0,133,ID,120,0,120,0,120,0,120,0,120,0,120,0,120,0,120,0,120,0,120,0,120,0,120,0,120,0,120,0,43,0,120,0,120,0,49,0,120,0,120,0,120,0,120,0,120,0,120,0,120,0,120,0,16,ID,28,ID,15,ID,133,ID,0,ID
43,0,ID,133,ID,133,ID,133,ID,133,ID,133,ID,30,ID,133,ID,12,ID,11,ID,20,ID,17,ID,25,ID,19,ID,133,0,37,ID,120,0,120,0,120,0,120,0,120,0,120,0,120,0,120,0,120,0,120,0,32,ID,21,ID,8,ID,5,ID,7,ID,133,ID,22,ID,120,0,120,0,120,0,120,0,120,0,120,0,120,0,120,0,120,0,120,0,120,0,120,0,120,0,120,0,120,0,120,0,120,0,120,0,120,0,120,0,120,0,120,0,120,0,120,0,120,0,120,0,13,ID,133,ID,14,0,133,ID,133,0,133,ID,120,0,120,0,120,0,120,0,120,0,120,0,120,0,120,0,120,0,120,0,120,0,120,0,120,0,120,0,44,0,120,0,120,0,120,0,120,0,120,0,120,0,120,0,120,0,120,0,120,0,120,0,16,ID,28,ID,15,ID,133,ID,0,ID
44,0,ID,133,ID,133,ID,133,ID,133,ID,133,ID,30,ID,133,ID,12,ID,11,ID,20,ID,17,ID,25,ID,19,ID,133,0,37,ID,120,0,120,0,120,0,120,0,120,0,120,0,120,0,120,0,120,0,120,0,32,ID,21,ID,8,ID,5,ID,7,ID,133,ID,22,ID,120,0,120,0,120,0,120,0,120,0,120,0,120,0,120,0,120,0,120,0,120,0,120,0,120,0,120,0,120,0,120,0,120,0,120,0,120,0,120,0,120,0,120,0,120,0,120,0,120,0,120,0,13,ID,133,ID,14,0,133,ID,133,0,133,ID,120,0,120,0,120,0,120,0,120,0,120,0,120,0,120,0,120,0,120,0,120,0,45,0,120,0,120,0,120,0,120,0,120,0,120,0,120,0,120,0,120,0,120,0,120,0,120,0,120,0,120,0,16,ID,28,ID,15,ID,133,ID,0,ID
45,0,ID,133,ID,133,ID,133,ID,133,ID,133,ID,30,ID,133,ID,12,ID,11,ID,20,ID,17,ID,25,ID,19,ID,133,0,37,ID,120,0,120,0,120,0,120,0,120,0,120,0,120,0,120,0,120,0,120,0,32,ID,21,ID,8,ID,5,ID,7,ID,133,ID,22,ID,120,0,120,0,120,0,120,0,120,0,120,0,120,0,120,0,120,0,120,0,120,0,120,0,120,0,120,0,120,0,120,0,120,0,120,0,120,0,120,0,120,0,120,0,120,0,120,0,120,0,120,0,13,ID,133,ID,14,0,133,ID,133,0,133,ID,120,0,120,0,120,0,120,0,46,0,120,0,120,0,120,0,120,0,120,0,120,0,120,0,120,0,120,0,120,0,120,0,120,0,120,0,120,0,120,0,120,0,120,0,120,0,120,0,120,0,120,0,16,ID,28,ID,15,ID,133,ID,0,ID
46,0,ID,133,ID,133,ID,133,ID,133,ID,133,ID,30,ID,133,ID,12,ID,11,ID,20,ID,17,ID,25,ID,19,ID,133,0,37,ID,120,0,120,0,120,0,120,0,120,0,120,0,120,0,120,0,120,0,120,0,32,ID,21,ID,8,ID,5,ID,7,ID,133,ID,22,ID,120,0,120,0,120,0,120,0,120,0,120,0,120,0,120,0,120,0,120,0,120,0,120,0,120,0,120,0,120,0,120,0,120,0,120,0,120,0,120,0,120,0,120,0,120,0,120,0,120,0,120,0,13,ID,133,ID,14,0,133,ID,133,0,133,ID,47,0,120,0,120,0,120,0,120,0,120,0,120,0,120,0,120,0,120,0,120,0,120,0,120,0,120,0,120,0,120,0,120,0,120,0,120,0,120,0,120,0,120,0,120,0,120,0,120,0,120,0,16,ID,28,ID,15,ID,133,ID,0,ID
47,0,ID,133,ID,133,ID,133,ID,133,ID,133,ID,30,ID,133,ID,12,ID,11,ID,20,ID,17,ID,25,ID,19,ID,133,0,37,ID,120,0,120,0,120,0,120,0,120,0,120,0,120,0,120,0,120,0,120,0,32,ID,21,ID,8,ID,5,ID,7,ID,133,ID,22,ID,120,0,120,0,120,0,120,0,120,0,120,0,120,0,120,0,120,0,120,0,120,0,120,0,120,0,120,0,120,0,120,0,120,0,120,0,120,0,120,0,120,0,120,0,120,0,120,0,120,0,120,0,13,ID,133,ID,14,0,133,ID,133,0,133,ID,120,0,120,0,120,0,120,0,120,0,120,0,120,0,120,0,120,0,120,0,120,0,120,0,120,0,48,0,120,0,120,0,120,0,120,0,120,0,120,0,120,0,120,0,120,0,120,0,120,0,120,0,16,ID,28,ID,15,ID,133,ID,0,ID
48,0,BOOLEAN,133,BOOLEAN,133,BOOLEAN,133,BOOLEAN,133,BOOLEAN,133,BOOLEAN,30,BOOLEAN,133,BOOLEAN,12,BOOLEAN,11,BOOLEAN,20,BOOLEAN,17,BOOLEAN,25,BOOLEAN,19,BOOLEAN,133,0,37,BOOLEAN,120,BOOLEAN,120,BOOLEAN,120,BOOLEAN,120,BOOLEAN,120,BOOLEAN,120,BOOLEAN,120,BOOLEAN,120,BOOLEAN,120,BOOLEAN,120,BOOLEAN,32,BOOLEAN,21,BOOLEAN,8,BOOLEAN,5,BOOLEAN,7,BOOLEAN,133,BOOLEAN,22,BOOLEAN,120,0,120,0,120,0,120,0,120,0,120,0,120,0,120,0,120,0,120,0,120,0,120,0,120,0,120,0,120,0,120,0,120,0,120,0,120,0,120,0,120,0,120,0,120,0,120,0,120,0,120,0,13,BOOLEAN,133,BOOLEAN,14,BOOLEAN,133,BOOLEAN,133,BOOLEAN,133,BOOLEAN,120,0,120,0,120,0,120,0,120,0,120,0,120,0,120,0,120,0,120,0,120,0,120,0,120,0,120,0,120,0,120,0,120,0,120,0,120,0,120,0,120,0,120,0,120,0,120,0,120,0,120,0,16,BOOLEAN,28,BOOLEAN,15,BOOLEAN,133,BOOLEAN,0,BOOLEAN
49,0,ID,133,ID,133,ID,133,ID,133,ID,133,ID,30,ID,133,ID,12,ID,11,ID,20,ID,17,ID,25,ID,19,ID,133,0,37,ID,120,0,120,0,120,0,120,0,120,0,120,0,120,0,120,0,120,0,120,0,32,ID,21,ID,8,ID,5,ID,7,ID,133,ID,22,ID,120,0,120,0,120,0,120,0,120,0,120,0,120,0,120,0,120,0,120,0,120,0,120,0,120,0,120,0,120,0,120,0,120,0,120,0,120,0,120,0,120,0,120,0,120,0,120,0,120,0,120,0,13,ID,133,ID,14,0,133,ID,133,0,133,ID,120,0,120,0,120,0,120,0,50,0,120,0,120,0,120,0,120,0,120,0,120,0,120,0,120,0,120,0,120,0,120,0,120,0,120,0,120,0,120,0,120,0,120,0,120,0,120,0,120,0,120,0,16,ID,28,ID,15,ID,133,ID,0,ID
50,0,ID,133,ID,133,ID,133,ID,133,ID,133,ID,30,ID,133,ID,12,ID,11,ID,20,ID,17,ID,25,ID,19,ID,133,0,37,ID,120,0,120,0,120,0,120,0,120,0,120,0,120,0,120,0,120,0,120,0,32,ID,21,ID,8,ID,5,ID,7,ID,133,ID,22,ID,120,0,120,0,120,0,120,0,120,0,120,0,120,0,120,0,120,0,120,0,120,0,120,0,120,0,120,0,120,0,120,0,120,0,120,0,120,0,120,0,120,0,120,0,120,0,120,0,120,0,120,0,13,ID,133,ID,14,0,133,ID,133,0,133,ID,51,0,120,0,120,0,120,0,120,0,120,0,120,0,120,0,120,0,120,0,120,0,120,0,120,0,120,0,120,0,120,0,120,0,120,0,120,0,120,0,120,0,120,0,120,0,120,0,120,0,120,0,16,ID,28,ID,15,ID,133,ID,0,ID
51,0,ID,133,ID,133,ID,133,ID,133,ID,133,ID,30,ID,133,ID,12,ID,11,ID,20,ID,17,ID,25,ID,19,ID,133,0,37,ID,120,0,120,0,120,0,120,0,120,0,120,0,120,0,120,0,120,0,120,0,32,ID,21,ID,8,ID,5,ID,7,ID,133,ID,22,ID,120,0,120,0,120,0,120,0,120,0,120,0,120,0,120,0,120,0,120,0,120,0,120,0,120,0,120,0,120,0,120,0,120,0,120,0,120,0,120,0,120,0,120,0,120,0,120,0,120,0,120,0,13,ID,133,ID,14,0,133,ID,133,0,133,ID,120,0,120,0,120,0,120,0,120,0,120,0,120,0,120,0,120,0,120,0,52,0,120,0,120,0,120,0,120,0,120,0,120,0,120,0,120,0,120,0,120,0,120,0,120,0,120,0,120,0,120,0,16,ID,28,ID,15,ID,133,ID,0,ID
52,0,BREAK,133,BREAK,133,BREAK,133,BREAK,133,BREAK,133,BREAK,30,BREAK,133,BREAK,12,BREAK,11,BREAK,20,BREAK,17,BREAK,25,BREAK,19,BREAK,133,0,37,BREAK,120,BREAK,120,BREAK,120,BREAK,120,BREAK,120,BREAK,120,BREAK,120,BREAK,120,BREAK,120,BREAK,120,BREAK,32,BREAK,21,BREAK,8,BREAK,5,BREAK,7,BREAK,133,BREAK,22,BREAK,120,0,120,0,120,0,120,0,120,0,120,0,120,0,120,0,120,0,120,0,120,0,120,0,120,0,120,0,120,0,120,0,120,0,120,0,120,0,120,0,120,0,120,0,120,0,120,0,120,0,120,0,13,BREAK,133,BREAK,14,BREAK,133,BREAK,133,BREAK,133,BREAK,120,0,120,0,120,0,120,0,120,0,120,0,120,0,120,0,120,0,120,0,120,0,120,0,120,0,120,0,120,0,120,0,120,0,120,0,120,0,120,0,120,0,120,0,120,0,120,0,120,0,120,0,16,BREAK,28,BREAK,15,BREAK,133,BREAK,0,BREAK
53,0,ID,133,ID,133,ID,133,ID,133,ID,133,ID,30,ID,133,ID,12,ID,11,ID,20,ID,17,ID,25,ID,19,ID,133,0,37,ID,120,0,120,0,120,0,120,0,120,0,120,0,120,0,120,0,120,0,120,0,32,ID,21,ID,8,ID,5,ID,7,ID,133,ID,22,ID,120,0,120,0,120,0,120,0,120,0,120,0,120,0,120,0,120,0,120,0,120,0,120,0,120,0,120,0,120,0,120,0,120,0,120,0,120,0,120,0,120,0,120,0,120,0,120,0,120,0,120,0,13,ID,133,ID,14,0,133,ID,133,0,133,ID,120,0,120,0,120,0,120,0,120,0,120,0,120,0,120,0,120,0,120,0,120,0,120,0,120,0,120,0,54,0,120,0,120,0,120,0,120,0,120,0,120,0,120,0,120,0,120,0,120,0,120,0,16,ID,28,ID,15,ID,133,ID,0,ID
54,0,ID,133,ID,133,ID,133,ID,133,ID,133,ID,30,ID,133,ID,12,ID,11,ID,20,ID,17,ID,25,ID,19,ID,133,0,37,ID,120,0,120,0,120,0,120,0,120,0,120,0,120,0,120,0,120,0,120,0,32,ID,21,ID,8,ID,5,ID,7,ID,133,ID,22,ID,120,0,120,0,120,0,120,0,120,0,120,0,120,0,120,0,120,0,120,0,120,0,120,0,120,0,120,0,120,0,120,0,120,0,120,0,120,0,120,0,120,0,120,0,120,0,120,0,120,0,120,0,13,ID,133,ID,14,0,133,ID,133,0,133,ID,120,0,120,0,120,0,120,0,120,0,120,0,120,0,120,0,120,0,120,0,120,0,120,0,120,0,55,0,120,0,120,0,120,0,120,0,120,0,120,0,120,0,120,0,120,0,120,0,120,0,120,0,16,ID,28,ID,15,ID,133,ID,0,ID
55,0,ID,133,ID,133,ID,133,ID,133,ID,133,ID,30,ID,133,ID,12,ID,11,ID,20,ID,17,ID,25,ID,19,ID,133,0,37,ID,120,0,120,0,120,0,120,0,120,0,120,0,120,0,120,0,120,0,120,0,32,ID,21,ID,8,ID,5,ID,7,ID,133,ID,22,ID,120,0,120,0,120,0,120,0,120,0,120,0,120,0,120,0,120,0,120,0,120,0,120,0,120,0,120,0,120,0,120,0,120,0,120,0,120,0,120,0,120,0,120,0,120,0,120,0,120,0,120,0,13,ID,133,ID,14,0,133,ID,133,0,133,ID,120,0,120,0,120,0,120,0,120,0,120,0,120,0,120,0,120,0,120,0,120,0,120,0,120,0,120,0,120,0,120,0,120,0,120,0,120,0,56,0,120,0,120,0,120,0,120,0,120,0,120,0,16,ID,28,ID,15,ID,133,ID,0,ID
56,0,ID,133,ID,133,ID,133,ID,133,ID,133,ID,30,ID,133,ID,12,ID,11,ID,20,ID,17,ID,25,ID,19,ID,133,0,37,ID,120,0,120,0,120,0,120,0,120,0,120,0,120,0,120,0,120,0,120,0,32,ID,21,ID,8,ID,5,ID,7,ID,133,ID,22,ID,120,0,120,0,120,0,120,0,120,0,120,0,120,0,120,0,120,0,120,0,120,0,120,0,120,0,120,0,120,0,120,0,120,0,120,0,120,0,120,0,120,0,120,0,120,0,120,0,120,0,120,0,13,ID,133,ID,14,0,133,ID,133,0,133,ID,120,0,120,0,120,0,120,0,120,0,120,0,120,0,120,0,57,0,120,0,120,0,120,0,120,0,120,0,120,0,120,0,120,0,120,0,120,0,120,0,120,0,120,0,120,0,120,0,120,0,120,0,16,ID,28,ID,15,ID,133,ID,0,ID
57,0,ID,133,ID,133,ID,133,ID,133,ID,133,ID,30,ID,133,ID,12,ID,11,ID,20,ID,17,ID,25,ID,19,ID,133,0,37,ID,120,0,120,0,120,0,120,0,120,0,120,0,120,0,120,0,120,0,120,0,32,ID,21,ID,8,ID,5,ID,7,ID,133,ID,22,ID,120,0,120,0,120,0,120,0,120,0,120,0,120,0,120,0,120,0,120,0,120,0,120,0,120,0,120,0,120,0,120,0,120,0,120,0,120,0,120,0,120,0,120,0,120,0,120,0,120,0,120,0,13,ID,133,ID,14,0,133,ID,133,0,133,ID,120,0,120,0,120,0,120,0,120,0,120,0,120,0,120,0,120,0,120,0,120,0,120,0,120,0,58,0,120,0,120,0,120,0,120,0,120,0,120,0,120,0,120,0,120,0,120,0,120,0,120,0,16,ID,28,ID,15,ID,133,ID,0,ID
58,0,ID,133,ID,133,ID,133,ID,133,ID,133,ID,30,ID,133,ID,12,ID,11,ID,20,ID,17,ID,25,ID,19,ID,133,0,37,ID,120,0,120,0,120,0,120,0,120,0,120,0,120,0,120,0,120,0,120,0,32,ID,21,ID,8,ID,5,ID,7,ID,133,ID,22,ID,120,0,120,0,120,0,120,0,120,0,120,0,120,0,120,0,120,0,120,0,120,0,120,0,120,0,120,0,120,0,120,0,120,0,120,0,120,0,120,0,120,0,120,0,120,0,120,0,120,0,120,0,13,ID,133,ID,14,0,133,ID,133,0,133,ID,120,0,120,0,120,0,120,0,120,0,120,0,120,0,120,0,120,0,120,0,120,0,120,0,120,0,120,0,120,0,120,0,120,0,120,0,120,0,120,0,59,0,120,0,120,0,120,0,120,0,120,0,16,ID,28,ID,15,ID,133,ID,0,ID
59,0,ID,133,ID,133,ID,133,ID,133,ID,133,ID,30,ID,133,ID,12,ID,11,ID,20,ID,17,ID,25,ID,19,ID,133,0,37,ID,120,0,120,0,120,0,120,0,120,0,120,0,120,0,120,0,120,0,120,0,32,ID,21,ID,8,ID,5,ID,7,ID,133,ID,22,ID,120,0,120,0,120,0,120,0,120,0,120,0,120,0,120,0,120,0,120,0,120,0,120,0,120,0,120,0,120,0,120,0,120,0,120,0,120,0,120,0,120,0,120,0,120,0,120,0,120,0,120,0,13,ID,133,ID,14,0,133,ID,133,0,133,ID,120,0,120,0,120,0,120,0,60,0,120,0,120,0,120,0,120,0,120,0,120,0,120,0,120,0,120,0,120,0,120,0,120,0,120,0,120,0,120,0,120,0,120,0,120,0,120,0,120,0,120,0,16,ID,28,ID,15,ID,133,ID,0,ID
60,0,CONTINUE,133,CONTINUE,133,CONTINUE,133,CONTINUE,133,CONTINUE,133,CONTINUE,30,CONTINUE,133,CONTINUE,12,CONTINUE,11,CONTINUE,20,CONTINUE,17,CONTINUE,25,CONTINUE,19,CONTINUE,133,0,37,CONTINUE,120,CONTINUE,120,CONTINUE,120,CONTINUE,120,CONTINUE,120,CONTINUE,120,CONTINUE,120,CONTINUE,120,CONTINUE,120,CONTINUE,120,CONTINUE,32,CONTINUE,21,CONTINUE,8,CONTINUE,5,CONTINUE,7,CONTINUE,133,CONTINUE,22,CONTINUE,120,0,120,0,120,0,120,0,120,0,120,0,120,0,120,0,120,0,120,0,120,0,120,0,120,0,120,0,120,0,120,0,120,0,120,0,120,0,120,0,120,0,120,0,120,0,120,0,120,0,120,0,13,CONTINUE,133,CONTINUE,14,CONTINUE,133,CONTINUE,133,CONTINUE,133,CONTINUE,120,0,120,0,120,0,120,0,120,0,120,0,120,0,120,0,120,0,120,0,120,0,120,0,120,0,120,0,120,0,120,0,120,0,120,0,120,0,120,0,120,0,120,0,120,0,120,0,120,0,120,0,16,CONTINUE,28,CONTINUE,15,CONTINUE,133,CONTINUE,0,CONTINUE
61,0,ID,133,ID,133,ID,133,ID,133,ID,133,ID,30,ID,133,ID,12,ID,11,ID,20,ID,17,ID,25,ID,19,ID,133,0,37,ID,120,0,120,0,120,0,120,0,120,0,120,0,120,0,120,0,120,0,120,0,32,ID,21,ID,8,ID,5,ID,7,ID,133,ID,22,ID,120,0,120,0,120,0,120,0,120,0,120,0,120,0,120,0,120,0,120,0,120,0,120,0,120,0,120,0,120,0,120,0,120,0,120,0,120,0,120,0,120,0,120,0,120,0,120,0,120,0,120,0,13,ID,133,ID,14,0,133,ID,133,0,133,ID,120,0,120,0,120,0,120,0,120,0,120,0,120,0,120,0,120,0,120,0,120,0,62,0,120,0,120,0,120,0,120,0,120,0,120,0,120,0,120,0,120,0,120,0,120,0,120,0,120,0,120,0,16,ID,28,ID,15,ID,133,ID,0,ID
62,0,ID,133,ID,133,ID,133,ID,133,ID,133,ID,30,ID,133,ID,12,ID,11,ID,20,ID,17,ID,25,ID,19,ID,133,0,37,ID,120,0,120,0,120,0,120,0,120,0,120,0,120,0,120,0,120,0,120,0,32,ID,21,ID,8,ID,5,ID,7,ID,133,ID,22,ID,120,0,120,0,120,0,120,0,120,0,120,0,120,0,120,0,120,0,120,0,120,0,120,0,120,0,120,0,120,0,120,0,120,0,120,0,120,0,120,0,120,0,120,0,120,0,120,0,120,0,120,0,13,ID,133,ID,14,0,133,ID,133,0,133,ID,120,0,120,0,120,0,120,0,120,0,120,0,120,0,120,0,120,0,120,0,120,0,120,0,120,0,120,0,120,0,120,0,120,0,120,0,63,0,120,0,120,0,120,0,120,0,120,0,120,0,120,0,16,ID,28,ID,15,ID,133,ID,0,ID
63,0,ID,133,ID,133,ID,133,ID,133,ID,133,ID,30,ID,133,ID,12,ID,11,ID,20,ID,17,ID,25,ID,19,ID,133,0,37,ID,120,0,120,0,120,0,120,0,120,0,120,0,120,0,120,0,120,0,120,0,32,ID,21,ID,8,ID,5,ID,7,ID,133,ID,22,ID,120,0,120,0,120,0,120,0,120,0,120,0,120,0,120,0,120,0,120,0,120,0,120,0,120,0,120,0,120,0,120,0,120,0,120,0,120,0,120,0,120,0,120,0,120,0,120,0,120,0,120,0,13,ID,133,ID,14,0,133,ID,133,0,133,ID,120,0,120,0,120,0,120,0,64,0,120,0,120,0,120,0,120,0,120,0,120,0,120,0,120,0,120,0,120,0,120,0,120,0,120,0,120,0,120,0,120,0,120,0,120,0,120,0,120,0,120,0,16,ID,28,ID,15,ID,133,ID,0,ID
64,0,ELSE,133,ELSE,133,ELSE,133,ELSE,133,ELSE,133,ELSE,30,ELSE,133,ELSE,12,ELSE,11,ELSE,20,ELSE,17,ELSE,25,ELSE,19,ELSE,133,0,37,ELSE,120,ELSE,120,ELSE,120,ELSE,120,ELSE,120,ELSE,120,ELSE,120,ELSE,120,ELSE,120,ELSE,120,ELSE,32,ELSE,21,ELSE,8,ELSE,5,ELSE,7,ELSE,133,ELSE,22,ELSE,120,0,120,0,120,0,120,0,120,0,120,0,120,0,120,0,120,0,120,0,120,0,120,0,120,0,120,0,120,0,120,0,120,0,120,0,120,0,120,0,120,0,120,0,120,0,120,0,120,0,120,0,13,ELSE,133,ELSE,14,ELSE,133,ELSE,133,ELSE,133,ELSE,120,0,120,0,120,0,120,0,120,0,120,0,120,0,120,0,120,0,120,0,120,0,120,0,120,0,120,0,120,0,120,0,120,0,120,0,120,0,120,0,120,0,120,0,120,0,120,0,120,0,120,0,16,ELSE,28,ELSE,15,ELSE,133,ELSE,0,ELSE
65,0,ID,133,ID,133,ID,133,ID,133,ID,133,ID,30,ID,133,ID,12,ID,11,ID,20,ID,17,ID,25,ID,19,ID,133,0,37,ID,120,0,120,0,120,0,120,0,120,0,120,0,120,0,120,0,120,0,120,0,32,ID,21,ID,8,ID,5,ID,7,ID,133,ID,22,ID,120,0,120,0,120,0,120,0,120,0,120,0,120,0,120,0,120,0,120,0,120,0,120,0,120,0,120,0,120,0,120,0,120,0,120,0,120,0,120,0,120,0,120,0,120,0,120,0,120,0,120,0,13,ID,133,ID,14,0,133,ID,133,0,133,ID,121,0,120,0,120,0,120,0,120,0,120,0,120,0,120,0,120,0,120,0,120,0,68,0,120,0,120,0,66,0,120,0,120,0,120,0,120,0,120,0,72,0,120,0,79,0,120,0,120,0,120,0,16,ID,28,ID,15,ID,133,ID,0,ID
66,0,ID,133,ID,133,ID,133,ID,133,ID,133,ID,30,ID,133,ID,12,ID,11,ID,20,ID,17,ID,25,ID,19,ID,133,0,37,ID,120,0,120,0,120,0,120,0,120,0,120,0,120,0,120,0,120,0,120,0,32,ID,21,ID,8,ID,5,ID,7,ID,133,ID,22,ID,120,0,120,0,120,0,120,0,120,0,120,0,120,0,120,0,120,0,120,0,120,0,120,0,120,0,120,0,120,0,120,0,120,0,120,0,120,0,120,0,120,0,120,0,120,0,120,0,120,0,120,0,13,ID,133,ID,14,0,133,ID,133,0,133,ID,120,0,120,0,120,0,120,0,120,0,120,0,120,0,120,0,120,0,120,0,120,0,120,0,120,0,120,0,120,0,120,0,120,0,67,0,120,0,120,0,120,0,120,0,120,0,120,0,120,0,120,0,16,ID,28,ID,15,ID,133,ID,0,ID
67,0,FOR,133,FOR,133,FOR,133,FOR,133,FOR,133,FOR,30,FOR,133,FOR,12,FOR,11,FOR,20,FOR,17,FOR,25,FOR,19,FOR,133,0,37,FOR,120,FOR,120,FOR,120,FOR,120,FOR,120,FOR,120,FOR,120,FOR,120,FOR,120,FOR,120,FOR,32,FOR,21,FOR,8,FOR,5,FOR,7,FOR,133,FOR,22,FOR,120,0,120,0,120,0,120,0,120,0,120,0,120,0,120,0,120,0,120,0,120,0,120,0,120,0,120,0,120,0,120,0,120,0,120,0,120,0,120,0,120,0,120,0,120,0,120,0,120,0,120,0,13,FOR,133,FOR,14,FOR,133,FOR,133,FOR,133,FOR,120,0,120,0,120,0,120,0,120,0,120,0,120,0,120,0,120,0,120,0,120,0,120,0,120,0,120,0,120,0,120,0,120,0,120,0,120,0,120,0,120,0,120,0,120,0,120,0,120,0,120,0,16,FOR,28,FOR,15,FOR,133,FOR,0,FOR
68,0,ID,133,ID,133,ID,133,ID,133,ID,133,ID,30,ID,133,ID,12,ID,11,ID,20,ID,17,ID,25,ID,19,ID,133,0,37,ID,120,0,120,0,120,0,120,0,120,0,120,0,120,0,120,0,120,0,120,0,32,ID,21,ID,8,ID,5,ID,7,ID,133,ID,22,ID,120,0,120,0,120,0,120,0,120,0,120,0,120,0,120,0,120,0,120,0,120,0,120,0,120,0,120,0,120,0,120,0,120,0,120,0,120,0,120,0,120,0,120,0,120,0,120,0,120,0,120,0,13,ID,133,ID,14,0,133,ID,133,0,133,ID,120,0,120,0,120,0,120,0,120,0,120,0,120,0,120,0,120,0,120,0,120,0,120,0,120,0,120,0,69,0,120,0,120,0,120,0,120,0,120,0,120,0,120,0,120,0,120,0,120,0,120,0,16,ID,28,ID,15,ID,133,ID,0,ID
69,0,ID,133,ID,133,ID,133,ID,133,ID,133,ID,30,ID,133,ID,12,ID,11,ID,20,ID,17,ID,25,ID,19,ID,133,0,37,ID,120,0,120,0,120,0,120,0,120,0,120,0,120,0,120,0,120,0,120,0,32,ID,21,ID,8,ID,5,ID,7,ID,133,ID,22,ID,120,0,120,0,120,0,120,0,120,0,120,0,120,0,120,0,120,0,120,0,120,0,120,0,120,0,120,0,120,0,120,0,120,0,120,0,120,0,120,0,120,0,120,0,120,0,120,0,120,0,120,0,13,ID,133,ID,14,0,133,ID,133,0,133,ID,70,0,120,0,120,0,120,0,120,0,120,0,120,0,120,0,120,0,120,0,120,0,120,0,120,0,120,0,120,0,120,0,120,0,120,0,120,0,120,0,120,0,120,0,120,0,120,0,120,0,120,0,16,ID,28,ID,15,ID,133,ID,0,ID
70,0,ID,133,ID,133,ID,133,ID,133,ID,133,ID,30,ID,133,ID,12,ID,11,ID,20,ID,17,ID,25,ID,19,ID,133,0,37,ID,120,0,120,0,120,0,120,0,120,0,120,0,120,0,120,0,120,0,120,0,32,ID,21,ID,8,ID,5,ID,7,ID,133,ID,22,ID,120,0,120,0,120,0,120,0,120,0,120,0,120,0,120,0,120,0,120,0,120,0,120,0,120,0,120,0,120,0,120,0,120,0,120,0,120,0,120,0,120,0,120,0,120,0,120,0,120,0,120,0,13,ID,133,ID,14,0,133,ID,133,0,133,ID,120,0,120,0,120,0,120,0,120,0,120,0,120,0,120,0,120,0,120,0,120,0,120,0,120,0,120,0,120,0,120,0,120,0,120,0,120,0,71,0,120,0,120,0,120,0,120,0,120,0,120,0,16,ID,28,ID,15,ID,133,ID,0,ID
71,0,FLOAT,133,FLOAT,133,FLOAT,133,FLOAT,133,FLOAT,133,FLOAT,30,FLOAT,133,FLOAT,12,FLOAT,11,FLOAT,20,FLOAT,17,FLOAT,25,FLOAT,19,FLOAT,133,0,37,FLOAT,120,FLOAT,120,FLOAT,120,FLOAT,120,FLOAT,120,FLOAT,120,FLOAT,120,FLOAT,120,FLOAT,120,FLOAT,120,FLOAT,32,FLOAT,21,FLOAT,8,FLOAT,5,FLOAT,7,FLOAT,133,FLOAT,22,FLOAT,120,0,120,0,120,0,120,0,120,0,120,0,120,0,120,0,120,0,120,0,120,0,120,0,120,0,120,0,120,0,120,0,120,0,120,0,120,0,120,0,120,0,120,0,120,0,120,0,120,0,120,0,13,FLOAT,133,FLOAT,14,FLOAT,133,FLOAT,133,FLOAT,133,FLOAT,120,0,120,0,120,0,120,0,120,0,120,0,120,0,120,0,120,0,120,0,120,0,120,0,120,0,120,0,120,0,120,0,120,0,120,0,120,0,120,0,120,0,120,0,120,0,120,0,120,0,120,0,16,FLOAT,28,FLOAT,15,FLOAT,133,FLOAT,0,FLOAT
72,0,ID,133,ID,133,ID,133,ID,133,ID,133,ID,30,ID,133,ID,12,ID,11,ID,20,ID,17,ID,25,ID,19,ID,133,0,37,ID,120,0,120,0,120,0,120,0,120,0,120,0,120,0,120,0,120,0,120,0,32,ID,21,ID,8,ID,5,ID,7,ID,133,ID,22,ID,120,0,120,0,120,0,120,0,120,0,120,0,120,0,120,0,120,0,120,0,120,0,120,0,120,0,120,0,120,0,120,0,120,0,120,0,120,0,120,0,120,0,120,0,120,0,120,0,120,0,120,0,13,ID,133,ID,14,0,133,ID,133,0,133,ID,120,0,120,0,120,0,120,0,120,0,120,0,120,0,120,0,120,0,120,0,120,0,120,0,120,0,73,0,120,0,120,0,120,0,120,0,120,0,120,0,120,0,120,0,120,0,120,0,120,0,120,0,16,ID,28,ID,15,ID,133,ID,0,ID
73,0,ID,133,ID,133,ID,133,ID,133,ID,133,ID,30,ID,133,ID,12,ID,11,ID,20,ID,17,ID,25,ID,19,ID,133,0,37,ID,120,0,120,0,120,0,120,0,120,0,120,0,120,0,120,0,120,0,120,0,32,ID,21,ID,8,ID,5,ID,7,ID,133,ID,22,ID,120,0,120,0,120,0,120,0,120,0,120,0,120,0,120,0,120,0,120,0,120,0,120,0,120,0,120,0,120,0,120,0,120,0,120,0,120,0,120,0,120,0,120,0,120,0,120,0,120,0,120,0,13,ID,133,ID,14,0,133,ID,133,0,133,ID,120,0,120,0,74,0,120,0,120,0,120,0,120,0,120,0,120,0,120,0,120,0,120,0,120,0,120,0,120,0,120,0,120,0,120,0,120,0,120,0,120,0,120,0,120,0,120,0,120,0,120,0,16,ID,28,ID,15,ID,133,ID,0,ID
74,0,ID,133,ID,133,ID,133,ID,133,ID,133,ID,30,ID,133,ID,12,ID,11,ID,20,ID,17,ID,25,ID,19,ID,133,0,37,ID,120,0,120,0,120,0,120,0,120,0,120,0,120,0,120,0,120,0,120,0,32,ID,21,ID,8,ID,5,ID,7,ID,133,ID,22,ID,120,0,120,0,120,0,120,0,120,0,120,0,120,0,120,0,120,0,120,0,120,0,120,0,120,0,120,0,120,0,120,0,120,0,120,0,120,0,120,0,120,0,120,0,120,0,120,0,120,0,120,0,13,ID,133,ID,14,0,133,ID,133,0,133,ID,120,0,120,0,120,0,120,0,120,0,120,0,120,0,120,0,120,0,120,0,120,0,120,0,120,0,120,0,120,0,120,0,120,0,120,0,120,0,75,0,120,0,120,0,120,0,120,0,120,0,120,0,16,ID,28,ID,15,ID,133,ID,0,ID
75,0,ID,133,ID,133,ID,133,ID,133,ID,133,ID,30,ID,133,ID,12,ID,11,ID,20,ID,17,ID,25,ID,19,ID,133,0,37,ID,120,0,120,0,120,0,120,0,120,0,120,0,120,0,120,0,120,0,120,0,32,ID,21,ID,8,ID,5,ID,7,ID,133,ID,22,ID,120,0,120,0,120,0,120,0,120,0,120,0,120,0,120,0,120,0,120,0,120,0,120,0,120,0,120,0,120,0,120,0,120,0,120,0,120,0,120,0,120,0,120,0,120,0,120,0,120,0,120,0,13,ID,133,ID,14,0,133,ID,133,0,133,ID,120,0,120,0,120,0,120,0,120,0,120,0,120,0,120,0,76,0,120,0,120,0,120,0,120,0,120,0,120,0,120,0,120,0,120,0,120,0,120,0,120,0,120,0,120,0,120,0,120,0,120,0,16,ID,28,ID,15,ID,133,ID,0,ID
76,0,ID,133,ID,133,ID,133,ID,133,ID,133,ID,30,ID,133,ID,12,ID,11,ID,20,ID,17,ID,25,ID,19,ID,133,0,37,ID,120,0,120,0,120,0,120,0,120,0,120,0,120,0,120,0,120,0,120,0,32,ID,21,ID,8,ID,5,ID,7,ID,133,ID,22,ID,120,0,120,0,120,0,120,0,120,0,120,0,120,0,120,0,120,0,120,0,120,0,120,0,120,0,120,0,120,0,120,0,120,0,120,0,120,0,120,0,120,0,120,0,120,0,120,0,120,0,120,0,13,ID,133,ID,14,0,133,ID,133,0,133,ID,120,0,120,0,120,0,120,0,120,0,120,0,120,0,120,0,120,0,120,0,120,0,120,0,120,0,120,0,77,0,120,0,120,0,120,0,120,0,120,0,120,0,120,0,120,0,120,0,120,0,120,0,16,ID,28,ID,15,ID,133,ID,0,ID
77,0,ID,133,ID,133,ID,133,ID,133,ID,133,ID,30,ID,133,ID,12,ID,11,ID,20,ID,17,ID,25,ID,19,ID,133,0,37,ID,120,0,120,0,120,0,120,0,120,0,120,0,120,0,120,0,120,0,120,0,32,ID,21,ID,8,ID,5,ID,7,ID,133,ID,22,ID,120,0,120,0,120,0,120,0,120,0,120,0,120,0,120,0,120,0,120,0,120,0,120,0,120,0,120,0,120,0,120,0,120,0,120,0,120,0,120,0,120,0,120,0,120,0,120,0,120,0,120,0,13,ID,133,ID,14,0,133,ID,133,0,133,ID,120,0,120,0,120,0,120,0,120,0,120,0,120,0,120,0,120,0,120,0,120,0,120,0,120,0,78,0,120,0,120,0,120,0,120,0,120,0,120,0,120,0,120,0,120,0,120,0,120,0,120,0,16,ID,28,ID,15,ID,133,ID,0,ID
78,0,FUNCTION,133,FUNCTION,133,FUNCTION,133,FUNCTION,133,FUNCTION,133,FUNCTION,30,FUNCTION,133,FUNCTION,12,FUNCTION,11,FUNCTION,20,FUNCTION,17,FUNCTION,25,FUNCTION,19,FUNCTION,133,0,37,FUNCTION,120,FUNCTION,120,FUNCTION,120,FUNCTION,120,FUNCTION,120,FUNCTION,120,FUNCTION,120,FUNCTION,120,FUNCTION,120,FUNCTION,120,FUNCTION,32,FUNCTION,21,FUNCTION,8,FUNCTION,5,FUNCTION,7,FUNCTION,133,FUNCTION,22,FUNCTION,120,0,120,0,120,0,120,0,120,0,120,0,120,0,120,0,120,0,120,0,120,0,120,0,120,0,120,0,120,0,120,0,120,0,120,0,120,0,120,0,120,0,120,0,120,0,120,0,120,0,120,0,13,FUNCTION,133,FUNCTION,14,FUNCTION,133,FUNCTION,133,FUNCTION,133,FUNCTION,120,0,120,0,120,0,120,0,120,0,120,0,120,0,120,0,120,0,120,0,120,0,120,0,120,0,120,0,120,0,120,0,120,0,120,0,120,0,120,0,120,0,120,0,120,0,120,0,120,0,120,0,16,FUNCTION,28,FUNCTION,15,FUNCTION,133,FUNCTION,0,FUNCTION
79,0,FW,133,FW,133,FW,133,FW,133,FW,133,FW,30,FW,133,FW,12,FW,11,FW,20,FW,17,FW,25,FW,19,FW,133,0,37,FW,120,FW,120,FW,120,FW,120,FW,120,FW,120,FW,120,FW,120,FW,120,FW,120,FW,32,FW,21,FW,8,FW,5,FW,7,FW,133,FW,22,FW,120,0,120,0,120,0,120,0,120,0,120,0,120,0,120,0,120,0,120,0,120,0,120,0,120,0,120,0,120,0,120,0,120,0,120,0,120,0,120,0,120,0,120,0,120,0,120,0,120,0,120,0,13,FW,133,FW,14,FW,133,FW,133,FW,133,FW,120,0,120,0,120,0,120,0,120,0,120,0,120,0,120,0,120,0,120,0,120,0,120,0,120,0,120,0,120,0,120,0,120,0,120,0,120,0,120,0,120,0,120,0,120,0,120,0,120,0,120,0,16,FW,28,FW,15,FW,133,FW,0,FW
80,0,ID,133,ID,133,ID,133,ID,133,ID,133,ID,30,ID,133,ID,12,ID,11,ID,20,ID,17,ID,25,ID,19,ID,133,0,37,ID,120,0,120,0,120,0,120,0,120,0,120,0,120,0,120,0,120,0,120,0,32,ID,21,ID,8,ID,5,ID,7,ID,133,ID,22,ID,120,0,120,0,120,0,120,0,120,0,120,0,120,0,120,0,120,0,120,0,120,0,120,0,120,0,120,0,120,0,120,0,120,0,120,0,120,0,120,0,120,0,120,0,120,0,120,0,120,0,120,0,13,ID,133,ID,14,0,133,ID,133,0,133,ID,120,0,120,0,120,0,120,0,120,0,81,0,120,0,120,0,120,0,120,0,120,0,120,0,120,0,82,0,120,0,120,0,120,0,120,0,120,0,120,0,120,0,120,0,120,0,120,0,120,0,120,0,16,ID,28,ID,15,ID,133,ID,0,ID
81,0,IF,133,IF,133,IF,133,IF,133,IF,133,IF,30,IF,133,IF,12,IF,11,IF,20,IF,17,IF,25,IF,19,IF,133,0,37,IF,120,IF,120,IF,120,IF,120,IF,120,IF,120,IF,120,IF,120,IF,120,IF,120,IF,32,IF,21,IF,8,IF,5,IF,7,IF,133,IF,22,IF,120,0,120,0,120,0,120,0,120,0,120,0,120,0,120,0,120,0,120,0,120,0,120,0,120,0,120,0,120,0,120,0,120,0,120,0,120,0,120,0,120,0,120,0,120,0,120,0,120,0,120,0,13,IF,133,IF,14,IF,133,IF,133,IF,133,IF,120,0,120,0,120,0,120,0,120,0,120,0,120,0,120,0,120,0,120,0,120,0,120,0,120,0,120,0,120,0,120,0,120,0,120,0,120,0,120,0,120,0,120,0,120,0,120,0,120,0,120,0,16,IF,28,IF,15,IF,133,IF,0,IF
82,0,ID,133,ID,133,ID,133,ID,133,ID,133,ID,30,ID,133,ID,12,ID,11,ID,20,ID,17,ID,25,ID,19,ID,133,0,37,ID,120,0,120,0,120,0,120,0,120,0,120,0,120,0,120,0,120,0,120,0,32,ID,21,ID,8,ID,5,ID,7,ID,133,ID,22,ID,120,0,120,0,120,0,120,0,120,0,120,0,120,0,120,0,120,0,120,0,120,0,120,0,120,0,120,0,120,0,120,0,120,0,120,0,120,0,120,0,120,0,120,0,120,0,120,0,120,0,120,0,13,ID,133,ID,14,0,133,ID,133,0,133,ID,120,0,120,0,120,0,120,0,120,0,120,0,120,0,120,0,120,0,120,0,120,0,120,0,120,0,120,0,120,0,120,0,120,0,120,0,120,0,83,0,120,0,120,0,120,0,120,0,120,0,120,0,16,ID,28,ID,15,ID,133,ID,0,ID
83,0,INT,133,INT,133,INT,133,INT,133,INT,133,INT,30,INT,133,INT,12,INT,11,INT,20,INT,17,INT,25,INT,19,INT,133,0,37,INT,120,INT,120,INT,120,INT,120,INT,120,INT,120,INT,120,INT,120,INT,120,INT,120,INT,32,INT,21,INT,8,INT,5,INT,7,INT,133,INT,22,INT,120,0,120,0,120,0,120,0,120,0,120,0,120,0,120,0,120,0,120,0,120,0,120,0,120,0,120,0,120,0,120,0,120,0,120,0,120,0,120,0,120,0,120,0,120,0,120,0,120,0,120,0,13,INT,133,INT,14,INT,133,INT,133,INT,133,INT,120,0,120,0,120,0,120,0,120,0,120,0,120,0,120,0,120,0,120,0,120,0,120,0,120,0,120,0,120,0,120,0,120,0,120,0,120,0,120,0,120,0,120,0,120,0,120,0,120,0,120,0,16,INT,28,INT,15,INT,133,INT,0,INT
84,0,ID,133,ID,133,ID,133,ID,133,ID,133,ID,30,ID,133,ID,12,ID,11,ID,20,ID,17,ID,25,ID,19,ID,133,0,37,ID,120,0,120,0,120,0,120,0,120,0,120,0,120,0,120,0,120,0,120,0,32,ID,21,ID,8,ID,5,ID,7,ID,133,ID,22,ID,120,0,120,0,120,0,120,0,120,0,120,0,120,0,120,0,120,0,120,0,120,0,120,0,120,0,120,0,120,0,120,0,120,0,120,0,120,0,120,0,120,0,120,0,120,0,120,0,120,0,120,0,13,ID,133,ID,14,0,133,ID,133,0,133,ID,120,0,120,0,120,0,120,0,85,0,120,0,120,0,120,0,120,0,120,0,120,0,120,0,120,0,120,0,120,0,120,0,120,0,120,0,120,0,99,0,120,0,120,0,120,0,120,0,120,0,120,0,16,ID,28,ID,15,ID,133,ID,0,ID
85,0,ID,133,ID,133,ID,133,ID,133,ID,133,ID,30,ID,133,ID,12,ID,11,ID,20,ID,17,ID,25,ID,19,ID,133,0,37,ID,120,0,120,0,120,0,120,0,120,0,120,0,120,0,120,0,120,0,120,0,32,ID,21,ID,8,ID,5,ID,7,ID,133,ID,22,ID,120,0,120,0,120,0,120,0,120,0,120,0,120,0,120,0,120,0,120,0,120,0,120,0,120,0,120,0,120,0,120,0,120,0,120,0,120,0,120,0,120,0,120,0,120,0,120,0,120,0,120,0,13,ID,133,ID,14,0,133,ID,133,0,133,ID,86,0,120,0,120,0,120,0,120,0,120,0,120,0,120,0,120,0,120,0,120,0,120,0,120,0,120,0,120,0,120,0,120,0,120,0,120,0,89,0,120,0,120,0,120,0,120,0,120,0,120,0,16,ID,28,ID,15,ID,133,ID,0,ID
86,0,ID,133,ID,133,ID,133,ID,133,ID,133,ID,30,ID,133,ID,12,ID,11,ID,20,ID,17,ID,25,ID,19,ID,133,0,37,ID,120,0,120,0,120,0,120,0,120,0,120,0,120,0,120,0,120,0,120,0,32,ID,21,ID,8,ID,5,ID,7,ID,133,ID,22,ID,120,0,120,0,120,0,120,0,120,0,120,0,120,0,120,0,120,0,120,0,120,0,120,0,120,0,120,0,120,0,120,0,120,0,120,0,120,0,120,0,120,0,120,0,120,0,120,0,120,0,120,0,13,ID,133,ID,14,0,133,ID,133,0,133,ID,120,0,120,0,120,0,87,0,120,0,120,0,120,0,120,0,120,0,120,0,120,0,120,0,120,0,120,0,120,0,120,0,120,0,120,0,120,0,120,0,120,0,120,0,120,0,120,0,120,0,120,0,16,ID,28,ID,15,ID,133,ID,0,ID
87,0,ID,133,ID,133,ID,133,ID,133,ID,133,ID,30,ID,133,ID,12,ID,11,ID,20,ID,17,ID,25,ID,19,ID,133,0,37,ID,120,0,120,0,120,0,120,0,120,0,120,0,120,0,120,0,120,0,120,0,32,ID,21,ID,8,ID,5,ID,7,ID,133,ID,22,ID,120,0,120,0,120,0,120,0,120,0,120,0,120,0,120,0,120,0,120,0,120,0,120,0,120,0,120,0,120,0,120,0,120,0,120,0,120,0,120,0,120,0,120,0,120,0,120,0,120,0,120,0,13,ID,133,ID,14,0,133,ID,133,0,133,ID,120,0,120,0,120,0,120,0,120,0,120,0,120,0,120,0,88,0,120,0,120,0,120,0,120,0,120,0,120,0,120,0,120,0,120,0,120,0,120,0,120,0,120,0,120,0,120,0,120,0,120,0,16,ID,28,ID,15,ID,133,ID,0,ID
88,0,READI,133,READI,133,READI,133,READI,133,READI,133,READI,30,READI,133,READI,12,READI,11,READI,20,READI,17,READI,25,READI,19,READI,133,0,37,READI,120,READI,120,READI,120,READI,120,READI,120,READI,120,READI,120,READI,120,READI,120,READI,120,READI,32,READI,21,READI,8,READI,5,READI,7,READI,133,READI,22,READI,120,0,120,0,120,0,120,0,120,0,120,0,120,0,120,0,120,0,120,0,120,0,120,0,120,0,120,0,120,0,120,0,120,0,120,0,120,0,120,0,120,0,120,0,120,0,120,0,120,0,120,0,13,READI,133,READI,14,READI,133,READI,133,READI,133,READI,120,0,120,0,120,0,120,0,120,0,120,0,120,0,120,0,120,0,120,0,120,0,120,0,120,0,120,0,120,0,120,0,120,0,120,0,120,0,120,0,120,0,120,0,120,0,120,0,120,0,120,0,16,READI,28,READI,15,READI,133,READI,0,READI
89,0,ID,133,ID,133,ID,133,ID,133,ID,133,ID,30,ID,133,ID,12,ID,11,ID,20,ID,17,ID,25,ID,19,ID,133,0,37,ID,120,0,120,0,120,0,120,0,120,0,120,0,120,0,120,0,120,0,120,0,32,ID,21,ID,8,ID,5,ID,7,ID,133,ID,22,ID,120,0,120,0,120,0,120,0,120,0,120,0,120,0,120,0,120,0,120,0,120,0,120,0,120,0,120,0,120,0,120,0,120,0,120,0,120,0,120,0,120,0,120,0,120,0,120,0,120,0,120,0,13,ID,133,ID,14,0,133,ID,133,0,133,ID,120,0,120,0,120,0,120,0,120,0,120,0,120,0,120,0,120,0,120,0,120,0,120,0,120,0,120,0,120,0,120,0,120,0,120,0,120,0,120,0,90,0,120,0,120,0,120,0,120,0,120,0,16,ID,28,ID,15,ID,133,ID,0,ID
90,0,ID,133,ID,133,ID,133,ID,133,ID,133,ID,30,ID,133,ID,12,ID,11,ID,20,ID,17,ID,25,ID,19,ID,133,0,37,ID,120,0,120,0,120,0,120,0,120,0,120,0,120,0,120,0,120,0,120,0,32,ID,21,ID,8,ID,5,ID,7,ID,133,ID,22,ID,120,0,120,0,120,0,120,0,120,0,120,0,120,0,120,0,120,0,120,0,120,0,120,0,120,0,120,0,120,0,120,0,120,0,120,0,120,0,120,0,120,0,120,0,120,0,120,0,120,0,120,0,13,ID,133,ID,14,0,133,ID,133,0,133,ID,120,0,120,0,120,0,120,0,120,0,120,0,120,0,120,0,120,0,120,0,120,0,120,0,120,0,120,0,120,0,120,0,120,0,91,0,120,0,120,0,120,0,120,0,120,0,120,0,120,0,120,0,16,ID,28,ID,15,ID,133,ID,0,ID
91,0,ID,133,ID,133,ID,133,ID,133,ID,133,ID,30,ID,133,ID,12,ID,11,ID,20,ID,17,ID,25,ID,19,ID,133,0,37,ID,120,0,120,0,120,0,120,0,120,0,120,0,120,0,120,0,120,0,120,0,32,ID,21,ID,8,ID,5,ID,7,ID,133,ID,22,ID,120,0,120,0,120,0,120,0,120,0,120,0,120,0,120,0,120,0,120,0,120,0,120,0,120,0,120,0,120,0,120,0,120,0,120,0,120,0,120,0,120,0,120,0,120,0,120,0,120,0,120,0,13,ID,133,ID,14,0,133,ID,133,0,133,ID,120,0,120,0,120,0,120,0,120,0,120,0,120,0,120,0,120,0,120,0,120,0,120,0,120,0,92,0,120,0,120,0,120,0,120,0,120,0,120,0,120,0,120,0,120,0,120,0,120,0,120,0,16,ID,28,ID,15,ID,133,ID,0,ID
92,0,RETURN,133,RETURN,133,RETURN,133,RETURN,133,RETURN,133,RETURN,30,RETURN,133,RETURN,12,RETURN,11,RETURN,20,RETURN,17,RETURN,25,RETURN,19,RETURN,133,0,37,RETURN,120,RETURN,120,RETURN,120,RETURN,120,RETURN,120,RETURN,120,RETURN,120,RETURN,120,RETURN,120,RETURN,120,RETURN,32,RETURN,21,RETURN,8,RETURN,5,RETURN,7,RETURN,133,RETURN,22,RETURN,120,0,120,0,120,0,120,0,120,0,120,0,120,0,120,0,120,0,120,0,120,0,120,0,120,0,120,0,120,0,120,0,120,0,120,0,120,0,120,0,120,0,120,0,120,0,120,0,120,0,120,0,13,RETURN,133,RETURN,14,RETURN,133,RETURN,133,RETURN,133,RETURN,120,0,120,0,120,0,120,0,120,0,120,0,120,0,120,0,120,0,120,0,120,0,120,0,120,0,120,0,120,0,120,0,120,0,120,0,120,0,120,0,120,0,120,0,120,0,120,0,120,0,120,0,16,RETURN,28,RETURN,15,RETURN,133,RETURN,0,RETURN
93,0,ID,133,ID,133,ID,133,ID,133,ID,133,ID,30,ID,133,ID,12,ID,11,ID,20,ID,17,ID,25,ID,19,ID,133,0,37,ID,120,0,120,0,120,0,120,0,120,0,120,0,120,0,120,0,120,0,120,0,32,ID,21,ID,8,ID,5,ID,7,ID,133,ID,22,ID,120,0,120,0,120,0,120,0,120,0,120,0,120,0,120,0,120,0,120,0,120,0,120,0,120,0,120,0,120,0,120,0,120,0,120,0,120,0,120,0,120,0,120,0,120,0,120,0,120,0,120,0,13,ID,133,ID,14,0,133,ID,133,0,133,ID,120,0,120,0,120,0,120,0,120,0,120,0,120,0,120,0,120,0,120,0,120,0,120,0,120,0,120,0,120,0,120,0,120,0,120,0,120,0,120,0,120,0,120,0,120,0,120,0,120,0,120,0,16,ID,28,ID,15,ID,133,ID,0,ID
94,0,ID,133,ID,133,ID,133,ID,133,ID,133,ID,30,ID,133,ID,12,ID,11,ID,20,ID,17,ID,25,ID,19,ID,133,0,37,ID,120,0,120,0,120,0,120,0,120,0,120,0,120,0,120,0,120,0,120,0,32,ID,21,ID,8,ID,5,ID,7,ID,133,ID,22,ID,120,0,120,0,120,0,120,0,120,0,120,0,120,0,120,0,120,0,120,0,120,0,120,0,120,0,120,0,120,0,120,0,120,0,120,0,120,0,120,0,120,0,120,0,120,0,120,0,120,0,120,0,13,ID,133,ID,14,0,133,ID,133,0,133,ID,120,0,120,0,120,0,120,0,120,0,120,0,120,0,120,0,120,0,120,0,120,0,120,0,120,0,120,0,120,0,120,0,120,0,120,0,120,0,120,0,120,0,120,0,120,0,120,0,120,0,120,0,16,ID,28,ID,15,ID,133,ID,0,ID
95,0,ID,133,ID,133,ID,133,ID,133,ID,133,ID,30,ID,133,ID,12,ID,11,ID,20,ID,17,ID,25,ID,19,ID,133,0,37,ID,120,0,120,0,120,0,120,0,120,0,120,0,120,0,120,0,120,0,120,0,32,ID,21,ID,8,ID,5,ID,7,ID,133,ID,22,ID,120,0,120,0,120,0,120,0,120,0,120,0,120,0,120,0,120,0,120,0,120,0,120,0,120,0,120,0,120,0,120,0,120,0,120,0,120,0,120,0,120,0,120,0,120,0,120,0,120,0,120,0,13,ID,133,ID,14,0,133,ID,133,0,133,ID,120,0,120,0,120,0,120,0,120,0,120,0,120,0,120,0,120,0,120,0,120,0,120,0,120,0,120,0,120,0,120,0,120,0,120,0,120,0,120,0,120,0,120,0,120,0,120,0,120,0,120,0,16,ID,28,ID,15,ID,133,ID,0,ID
96,0,ID,133,ID,133,ID,133,ID,133,ID,133,ID,30,ID,133,ID,12,ID,11,ID,20,ID,17,ID,25,ID,19,ID,133,0,37,ID,120,0,120,0,120,0,120,0,120,0,120,0,120,0,120,0,120,0,120,0,32,ID,21,ID,8,ID,5,ID,7,ID,133,ID,22,ID,120,0,120,0,120,0,120,0,120,0,120,0,120,0,120,0,120,0,120,0,120,0,120,0,120,0,120,0,120,0,120,0,120,0,120,0,120,0,120,0,120,0,120,0,120,0,120,0,120,0,120,0,13,ID,133,ID,14,0,133,ID,133,0,133,ID,120,0,120,0,120,0,120,0,120,0,120,0,120,0,120,0,120,0,120,0,120,0,120,0,120,0,120,0,120,0,120,0,120,0,120,0,120,0,120,0,120,0,120,0,120,0,120,0,120,0,120,0,16,ID,28,ID,15,ID,133,ID,0,ID
97,0,ID,133,ID,133,ID,133,ID,133,ID,133,ID,30,ID,133,ID,12,ID,11,ID,20,ID,17,ID,25,ID,19,ID,133,0,37,ID,120,0,120,0,120,0,120,0,120,0,120,0,120,0,120,0,120,0,120,0,32,ID,21,ID,8,ID,5,ID,7,ID,133,ID,22,ID,120,0,120,0,120,0,120,0,120,0,120,0,120,0,120,0,120,0,120,0,120,0,120,0,120,0,120,0,120,0,120,0,120,0,120,0,120,0,120,0,120,0,120,0,120,0,120,0,120,0,120,0,13,ID,133,ID,14,0,133,ID,133,0,133,ID,120,0,120,0,120,0,120,0,120,0,120,0,120,0,120,0,120,0,120,0,120,0,120,0,120,0,120,0,120,0,120,0,120,0,120,0,120,0,120,0,120,0,120,0,120,0,120,0,120,0,120,0,16,ID,28,ID,15,ID,133,ID,0,ID
98,0,ID,133,ID,133,ID,133,ID,133,ID,133,ID,30,ID,133,ID,12,ID,11,ID,20,ID,17,ID,25,ID,19,ID,133,0,37,ID,120,ID,120,ID,120,ID,120,ID,120,ID,120,ID,120,ID,120,ID,120,ID,120,ID,32,ID,21,ID,8,ID,5,ID,7,ID,133,ID,22,ID,120,0,120,0,120,0,120,0,120,0,120,0,120,0,120,0,120,0,120,0,120,0,120,0,120,0,120,0,120,0,120,0,120,0,120,0,120,0,120,0,120,0,120,0,120,0,120,0,120,0,120,0,13,ID,133,ID,14,ID,133,ID,133,ID,133,ID,120,0,120,0,120,0,120,0,120,0,120,0,120,0,120,0,120,0,120,0,120,0,120,0,120,0,120,0,120,0,120,0,120,0,120,0,120,0,120,0,120,0,120,0,120,0,120,0,120,0,120,0,16,ID,28,ID,15,ID,133,ID,0,ID
99,0,RT,133,RT,133,RT,133,RT,133,RT,133,RT,30,RT,133,RT,12,RT,11,RT,20,RT,17,RT,25,RT,19,RT,133,0,37,RT,120,RT,120,RT,120,RT,120,RT,120,RT,120,RT,120,RT,120,RT,120,RT,120,RT,32,RT,21,RT,8,RT,5,RT,7,RT,133,RT,22,RT,120,0,120,0,120,0,120,0,120,0,120,0,120,0,120,0,120,0,120,0,120,0,120,0,120,0,120,0,120,0,120,0,120,0,120,0,120,0,120,0,120,0,120,0,120,0,120,0,120,0,120,0,13,RT,133,RT,14,RT,133,RT,133,RT,133,RT,120,0,120,0,120,0,120,0,120,0,120,0,120,0,120,0,120,0,120,0,120,0,120,0,120,0,120,0,120,0,120,0,120,0,120,0,120,0,120,0,120,0,120,0,120,0,120,0,120,0,120,0,16,RT,28,RT,15,RT,133,RT,0,RT
100,0,ID,133,ID,133,ID,133,ID,133,ID,133,ID,30,ID,133,ID,12,ID,11,ID,20,ID,17,ID,25,ID,19,ID,133,0,37,ID,120,0,120,0,120,0,120,0,120,0,120,0,120,0,120,0,120,0,120,0,32,ID,21,ID,8,ID,5,ID,7,ID,133,ID,22,ID,120,0,120,0,120,0,120,0,120,0,120,0,120,0,120,0,120,0,120,0,120,0,120,0,120,0,120,0,120,0,120,0,120,0,120,0,120,0,120,0,120,0,120,0,120,0,120,0,120,0,120,0,13,ID,133,ID,14,0,133,ID,133,0,133,ID,101,0,120,0,120,0,120,0,120,0,120,0,120,0,120,0,120,0,120,0,120,0,120,0,120,0,120,0,120,0,120,0,120,0,120,0,120,0,120,0,120,0,120,0,120,0,120,0,120,0,120,0,16,ID,28,ID,15,ID,133,ID,0,ID
101,0,ID,133,ID,133,ID,133,ID,133,ID,133,ID,30,ID,133,ID,12,ID,11,ID,20,ID,17,ID,25,ID,19,ID,133,0,37,ID,120,0,120,0,120,0,120,0,120,0,120,0,120,0,120,0,120,0,120,0,32,ID,21,ID,8,ID,5,ID,7,ID,133,ID,22,ID,120,0,120,0,120,0,120,0,120,0,120,0,120,0,120,0,120,0,120,0,120,0,120,0,120,0,120,0,120,0,120,0,120,0,120,0,120,0,120,0,120,0,120,0,120,0,120,0,120,0,120,0,13,ID,133,ID,14,0,133,ID,133,0,133,ID,120,0,120,0,120,0,120,0,120,0,120,0,120,0,120,0,102,0,120,0,120,0,120,0,120,0,120,0,120,0,120,0,120,0,120,0,120,0,120,0,120,0,120,0,120,0,120,0,120,0,120,0,16,ID,28,ID,15,ID,133,ID,0,ID
102,0,ID,133,ID,133,ID,133,ID,133,ID,133,ID,30,ID,133,ID,12,ID,11,ID,20,ID,17,ID,25,ID,19,ID,133,0,37,ID,120,0,120,0,120,0,120,0,120,0,120,0,120,0,120,0,120,0,120,0,32,ID,21,ID,8,ID,5,ID,7,ID,133,ID,22,ID,120,0,120,0,120,0,120,0,120,0,120,0,120,0,120,0,120,0,120,0,120,0,120,0,120,0,120,0,120,0,120,0,120,0,120,0,120,0,120,0,120,0,120,0,120,0,120,0,120,0,120,0,13,ID,133,ID,14,0,133,ID,133,0,133,ID,120,0,120,0,120,0,120,0,120,0,120,0,120,0,120,0,120,0,120,0,120,0,120,0,120,0,103,0,120,0,120,0,120,0,120,0,120,0,120,0,120,0,120,0,120,0,120,0,120,0,120,0,16,ID,28,ID,15,ID,133,ID,0,ID
103,0,MAIN,133,MAIN,133,MAIN,133,MAIN,133,MAIN,133,MAIN,30,MAIN,133,MAIN,12,MAIN,11,MAIN,20,MAIN,17,MAIN,25,MAIN,19,MAIN,133,0,37,MAIN,120,MAIN,120,MAIN,120,MAIN,120,MAIN,120,MAIN,120,MAIN,120,MAIN,120,MAIN,120,MAIN,120,MAIN,32,MAIN,21,MAIN,8,MAIN,5,MAIN,7,MAIN,133,MAIN,22,MAIN,120,0,120,0,120,0,120,0,120,0,120,0,120,0,120,0,120,0,120,0,120,0,120,0,120,0,120,0,120,0,120,0,120,0,120,0,120,0,120,0,120,0,120,0,120,0,120,0,120,0,120,0,13,MAIN,133,MAIN,14,MAIN,133,MAIN,133,MAIN,133,MAIN,120,0,120,0,120,0,120,0,120,0,120,0,120,0,120,0,120,0,120,0,120,0,120,0,120,0,120,0,120,0,120,0,120,0,120,0,120,0,120,0,120,0,120,0,120,0,120,0,120,0,120,0,16,MAIN,28,MAIN,15,MAIN,133,MAIN,0,MAIN
104,0,ID,133,ID,133,ID,133,ID,133,ID,133,ID,30,ID,133,ID,12,ID,11,ID,20,ID,17,ID,25,ID,19,ID,133,0,37,ID,120,0,120,0,120,0,120,0,120,0,120,0,120,0,120,0,120,0,120,0,32,ID,21,ID,8,ID,5,ID,7,ID,133,ID,22,ID,120,0,120,0,120,0,120,0,120,0,120,0,120,0,120,0,120,0,120,0,120,0,120,0,120,0,120,0,120,0,120,0,120,0,120,0,120,0,120,0,120,0,120,0,120,0,120,0,120,0,120,0,13,ID,133,ID,14,0,133,ID,133,0,133,ID,120,0,120,0,120,0,120,0,120,0,120,0,120,0,120,0,120,0,120,0,120,0,120,0,120,0,120,0,105,0,120,0,120,0,120,0,120,0,120,0,120,0,120,0,120,0,120,0,120,0,120,0,16,ID,28,ID,15,ID,133,ID,0,ID
105,0,ID,133,ID,133,ID,133,ID,133,ID,133,ID,30,ID,133,ID,12,ID,11,ID,20,ID,17,ID,25,ID,19,ID,133,0,37,ID,120,0,120,0,120,0,120,0,120,0,120,0,120,0,120,0,120,0,120,0,32,ID,21,ID,8,ID,5,ID,7,ID,133,ID,22,ID,120,0,120,0,120,0,120,0,120,0,120,0,120,0,120,0,120,0,120,0,120,0,120,0,120,0,120,0,120,0,120,0,120,0,120,0,120,0,120,0,120,0,120,0,120,0,120,0,120,0,120,0,13,ID,133,ID,14,0,133,ID,133,0,133,ID,120,0,120,0,120,0,120,0,120,0,120,0,120,0,120,0,120,0,120,0,120,0,120,0,120,0,120,0,120,0,120,0,120,0,120,0,120,0,106,0,120,0,120,0,120,0,120,0,120,0,120,0,16,ID,28,ID,15,ID,133,ID,0,ID
106,0,BOT,133,BOT,133,BOT,133,BOT,133,BOT,133,BOT,30,BOT,133,BOT,12,BOT,11,BOT,20,BOT,17,BOT,25,BOT,19,BOT,133,0,37,BOT,120,BOT,120,BOT,120,BOT,120,BOT,120,BOT,120,BOT,120,BOT,120,BOT,120,BOT,120,BOT,32,BOT,21,BOT,8,BOT,5,BOT,7,BOT,133,BOT,22,BOT,120,0,120,0,120,0,120,0,120,0,120,0,120,0,120,0,120,0,120,0,120,0,120,0,120,0,120,0,120,0,120,0,120,0,120,0,120,0,120,0,120,0,120,0,120,0,120,0,120,0,120,0,13,BOT,133,BOT,14,BOT,133,BOT,133,BOT,133,BOT,120,0,120,0,120,0,120,0,120,0,120,0,120,0,120,0,120,0,120,0,120,0,120,0,120,0,120,0,120,0,120,0,120,0,120,0,120,0,120,0,120,0,120,0,120,0,120,0,120,0,120,0,16,BOT,28,BOT,15,BOT,133,BOT,0,BOT
107,0,ID,133,ID,133,ID,133,ID,133,ID,133,ID,30,ID,133,ID,12,ID,11,ID,20,ID,17,ID,25,ID,19,ID,133,0,37,ID,120,0,120,0,120,0,120,0,120,0,120,0,120,0,120,0,120,0,120,0,32,ID,21,ID,8,ID,5,ID,7,ID,133,ID,22,ID,120,0,120,0,120,0,120,0,120,0,120,0,120,0,120,0,120,0,120,0,120,0,120,0,120,0,120,0,120,0,120,0,120,0,120,0,120,0,120,0,120,0,120,0,120,0,120,0,120,0,120,0,13,ID,133,ID,14,0,133,ID,133,0,133,ID,120,0,120,0,120,0,120,0,120,0,120,0,120,0,120,0,120,0,120,0,120,0,120,0,120,0,120,0,108,0,120,0,120,0,120,0,120,0,120,0,120,0,120,0,120,0,120,0,120,0,120,0,16,ID,28,ID,15,ID,133,ID,0,ID
108,0,ID,133,ID,133,ID,133,ID,133,ID,133,ID,30,ID,133,ID,12,ID,11,ID,20,ID,17,ID,25,ID,19,ID,133,0,37,ID,120,0,120,0,120,0,120,0,120,0,120,0,120,0,120,0,120,0,120,0,32,ID,21,ID,8,ID,5,ID,7,ID,133,ID,22,ID,120,0,120,0,120,0,120,0,120,0,120,0,120,0,120,0,120,0,120,0,120,0,120,0,120,0,120,0,120,0,120,0,120,0,120,0,120,0,120,0,120,0,120,0,120,0,120,0,120,0,120,0,13,ID,133,ID,14,0,133,ID,133,0,133,ID,120,0,120,0,120,0,120,0,120,0,120,0,120,0,120,0,109,0,120,0,120,0,120,0,120,0,120,0,120,0,120,0,120,0,120,0,120,0,120,0,120,0,120,0,120,0,120,0,120,0,120,0,16,ID,28,ID,15,ID,133,ID,0,ID
109,0,ID,133,ID,133,ID,133,ID,133,ID,133,ID,30,ID,133,ID,12,ID,11,ID,20,ID,17,ID,25,ID,19,ID,133,0,37,ID,120,0,120,0,120,0,120,0,120,0,120,0,120,0,120,0,120,0,120,0,32,ID,21,ID,8,ID,5,ID,7,ID,133,ID,22,ID,120,0,120,0,120,0,120,0,120,0,120,0,120,0,120,0,120,0,120,0,120,0,120,0,120,0,120,0,120,0,120,0,120,0,120,0,120,0,120,0,120,0,120,0,120,0,120,0,120,0,120,0,13,ID,133,ID,14,0,133,ID,133,0,133,ID,120,0,120,0,120,0,120,0,120,0,120,0,120,0,120,0,120,0,120,0,120,0,120,0,120,0,110,0,120,0,120,0,120,0,120,0,120,0,120,0,120,0,120,0,120,0,120,0,120,0,120,0,16,ID,28,ID,15,ID,133,ID,0,ID
110,0,ID,133,ID,133,ID,133,ID,133,ID,133,ID,30,ID,133,ID,12,ID,11,ID,20,ID,17,ID,25,ID,19,ID,133,0,37,ID,120,0,120,0,120,0,120,0,120,0,120,0,120,0,120,0,120,0,120,0,32,ID,21,ID,8,ID,5,ID,7,ID,133,ID,22,ID,120,0,120,0,120,0,120,0,120,0,120,0,120,0,120,0,120,0,120,0,120,0,120,0,120,0,120,0,120,0,120,0,120,0,120,0,120,0,120,0,120,0,120,0,120,0,120,0,120,0,120,0,13,ID,133,ID,14,0,133,ID,133,0,133,ID,120,0,120,0,120,0,120,0,120,0,120,0,120,0,120,0,120,0,120,0,120,0,120,0,120,0,120,0,120,0,120,0,120,0,120,0,120,0,111,0,120,0,120,0,120,0,120,0,120,0,120,0,16,ID,28,ID,15,ID,133,ID,0,ID
111,0,POINT,133,POINT,133,POINT,133,POINT,133,POINT,133,POINT,30,POINT,133,POINT,12,POINT,11,POINT,20,POINT,17,POINT,25,POINT,19,POINT,133,0,37,POINT,120,POINT,120,POINT,120,POINT,120,POINT,120,POINT,120,POINT,120,POINT,120,POINT,120,POINT,120,POINT,32,POINT,21,POINT,8,POINT,5,POINT,7,POINT,133,POINT,22,POINT,120,0,120,0,120,0,120,0,120,0,120,0,120,0,120,0,120,0,120,0,120,0,120,0,120,0,120,0,120,0,120,0,120,0,120,0,120,0,120,0,120,0,120,0,120,0,120,0,120,0,120,0,13,POINT,133,POINT,14,POINT,133,POINT,133,POINT,133,POINT,120,0,120,0,120,0,120,0,120,0,120,0,120,0,120,0,120,0,120,0,120,0,120,0,120,0,120,0,120,0,120,0,120,0,120,0,120,0,120,0,120,0,120,0,120,0,120,0,120,0,120,0,16,POINT,28,POINT,15,POINT,133,POINT,0,POINT
112,0,ID,133,ID,133,ID,133,ID,133,ID,133,ID,30,ID,133,ID,12,ID,11,ID,20,ID,17,ID,25,ID,19,ID,133,0,37,ID,120,0,120,0,120,0,120,0,120,0,120,0,120,0,120,0,120,0,120,0,32,ID,21,ID,8,ID,5,ID,7,ID,133,ID,22,ID,120,0,120,0,120,0,120,0,120,0,120,0,120,0,120,0,120,0,120,0,120,0,120,0,120,0,120,0,120,0,120,0,120,0,120,0,120,0,120,0,120,0,120,0,120,0,120,0,120,0,120,0,13,ID,133,ID,14,0,133,ID,133,0,133,ID,120,0,120,0,120,0,120,0,120,0,120,0,120,0,120,0,120,0,120,0,120,0,120,0,120,0,120,0,120,0,120,0,120,0,120,0,120,0,120,0,120,0,120,0,120,0,120,0,120,0,120,0,16,ID,28,ID,15,ID,133,ID,0,ID
113,0,ID,133,ID,133,ID,133,ID,133,ID,133,ID,30,ID,133,ID,12,ID,11,ID,20,ID,17,ID,25,ID,19,ID,133,0,37,ID,120,0,120,0,120,0,120,0,120,0,120,0,120,0,120,0,120,0,120,0,32,ID,21,ID,8,ID,5,ID,7,ID,133,ID,22,ID,120,0,120,0,120,0,120,0,120,0,120,0,120,0,120,0,120,0,120,0,120,0,120,0,120,0,120,0,120,0,120,0,120,0,120,0,120,0,120,0,120,0,120,0,120,0,120,0,120,0,120,0,13,ID,133,ID,14,0,133,ID,133,0,133,ID,120,0,120,0,120,0,120,0,120,0,120,0,120,0,120,0,120,0,120,0,120,0,120,0,120,0,120,0,120,0,120,0,120,0,120,0,120,0,120,0,120,0,120,0,120,0,120,0,120,0,120,0,16,ID,28,ID,15,ID,133,ID,0,ID
114,0,ID,133,ID,133,ID,133,ID,133,ID,133,ID,30,ID,133,ID,12,ID,11,ID,20,ID,17,ID,25,ID,19,ID,133,0,37,ID,120,0,120,0,120,0,120,0,120,0,120,0,120,0,120,0,120,0,120,0,32,ID,21,ID,8,ID,5,ID,7,ID,133,ID,22,ID,120,0,120,0,120,0,120,0,120,0,120,0,120,0,120,0,120,0,120,0,120,0,120,0,120,0,120,0,120,0,120,0,120,0,120,0,120,0,120,0,120,0,120,0,120,0,120,0,120,0,120,0,13,ID,133,ID,14,0,133,ID,133,0,133,ID,120,0,120,0,120,0,120,0,120,0,120,0,120,0,120,0,120,0,120,0,120,0,120,0,120,0,120,0,120,0,120,0,120,0,120,0,120,0,120,0,120,0,120,0,120,0,120,0,120,0,120,0,16,ID,28,ID,15,ID,133,ID,0,ID
115,0,ID,133,ID,133,ID,133,ID,133,ID,133,ID,30,ID,133,ID,12,ID,11,ID,20,ID,17,ID,25,ID,19,ID,133,0,37,ID,120,0,120,0,120,0,120,0,120,0,120,0,120,0,120,0,120,0,120,0,32,ID,21,ID,8,ID,5,ID,7,ID,133,ID,22,ID,120,0,120,0,120,0,120,0,120,0,120,0,120,0,120,0,120,0,120,0,120,0,120,0,120,0,120,0,120,0,120,0,120,0,120,0,120,0,120,0,120,0,120,0,120,0,120,0,120,0,120,0,13,ID,133,ID,14,0,133,ID,133,0,133,ID,120,0,120,0,120,0,120,0,120,0,120,0,120,0,120,0,120,0,120,0,120,0,120,0,120,0,120,0,120,0,120,0,120,0,120,0,120,0,120,0,120,0,120,0,120,0,120,0,120,0,120,0,16,ID,28,ID,15,ID,133,ID,0,ID
116,0,ID,133,ID,133,ID,133,ID,133,ID,133,ID,30,ID,133,ID,12,ID,11,ID,20,ID,17,ID,25,ID,19,ID,133,0,37,ID,120,0,120,0,120,0,120,0,120,0,120,0,120,0,120,0,120,0,120,0,32,ID,21,ID,8,ID,5,ID,7,ID,133,ID,22,ID,120,0,120,0,120,0,120,0,120,0,120,0,120,0,120,0,120,0,120,0,120,0,120,0,120,0,120,0,120,0,120,0,120,0,120,0,120,0,120,0,120,0,120,0,120,0,120,0,120,0,120,0,13,ID,133,ID,14,0,133,ID,133,0,133,ID,120,0,120,0,120,0,120,0,120,0,120,0,120,0,120,0,120,0,120,0,120,0,120,0,120,0,120,0,120,0,120,0,120,0,120,0,120,0,120,0,120,0,120,0,120,0,120,0,120,0,120,0,16,ID,28,ID,15,ID,133,ID,0,ID
117,0,ID,133,ID,133,ID,133,ID,133,ID,133,ID,30,ID,133,ID,12,ID,11,ID,20,ID,17,ID,25,ID,19,ID,133,0,37,ID,120,0,120,0,120,0,120,0,120,0,120,0,120,0,120,0,120,0,120,0,32,ID,21,ID,8,ID,5,ID,7,ID,133,ID,22,ID,120,0,120,0,120,0,120,0,120,0,120,0,120,0,120,0,120,0,120,0,120,0,120,0,120,0,120,0,120,0,120,0,120,0,120,0,120,0,120,0,120,0,120,0,120,0,120,0,120,0,120,0,13,ID,133,ID,14,0,133,ID,133,0,133,ID,120,0,120,0,120,0,120,0,120,0,120,0,120,0,120,0,120,0,120,0,120,0,120,0,120,0,120,0,120,0,120,0,120,0,120,0,120,0,120,0,120,0,120,0,120,0,120,0,120,0,120,0,16,ID,28,ID,15,ID,133,ID,0,ID
118,0,ID,133,ID,133,ID,133,ID,133,ID,133,ID,30,ID,133,ID,12,ID,11,ID,20,ID,17,ID,25,ID,19,ID,133,0,37,ID,120,0,120,0,120,0,120,0,120,0,120,0,120,0,120,0,120,0,120,0,32,ID,21,ID,8,ID,5,ID,7,ID,133,ID,22,ID,120,0,120,0,120,0,120,0,120,0,120,0,120,0,120,0,120,0,120,0,120,0,120,0,120,0,120,0,120,0,120,0,120,0,120,0,120,0,120,0,120,0,120,0,120,0,120,0,120,0,120,0,13,ID,133,ID,14,0,133,ID,133,0,133,ID,120,0,120,0,120,0,120,0,120,0,120,0,120,0,120,0,120,0,120,0,120,0,120,0,120,0,120,0,120,0,120,0,120,0,120,0,120,0,120,0,120,0,120,0,120,0,120,0,120,0,120,0,16,ID,28,ID,15,ID,133,ID,0,ID
119,0,ID,133,ID,133,ID,133,ID,133,ID,133,ID,30,ID,133,ID,12,ID,11,ID,20,ID,17,ID,25,ID,19,ID,133,0,37,ID,120,ID,120,ID,120,ID,120,ID,120,ID,120,ID,120,ID,120,ID,120,ID,120,ID,32,ID,21,ID,8,ID,5,ID,7,ID,133,ID,22,ID,120,0,120,0,120,0,120,0,120,0,120,0,120,0,120,0,120,0,120,0,120,0,120,0,120,0,120,0,120,0,120,0,120,0,120,0,120,0,120,0,120,0,120,0,120,0,120,0,120,0,120,0,13,ID,133,ID,14,ID,133,ID,133,ID,133,ID,120,0,120,0,120,0,120,0,120,0,120,0,120,0,120,0,120,0,120,0,120,0,120,0,120,0,120,0,120,0,120,0,120,0,120,0,120,0,120,0,120,0,120,0,120,0,120,0,120,0,120,0,16,ID,28,ID,15,ID,133,ID,0,ID
120,0,ID,133,ID,133,ID,133,ID,133,ID,133,ID,30,ID,133,ID,12,ID,11,ID,20,ID,17,ID,25,ID,19,ID,133,0,37,ID,120,0,120,0,120,0,120,0,120,0,120,0,120,0,120,0,120,0,120,0,32,ID,21,ID,8,ID,5,ID,7,ID,133,ID,22,ID,120,0,120,0,120,0,120,0,120,0,120,0,120,0,120,0,120,0,120,0,120,0,120,0,120,0,120,0,120,0,120,0,120,0,120,0,120,0,120,0,120,0,120,0,120,0,120,0,120,0,120,0,13,ID,133,ID,14,0,133,ID,133,0,133,ID,120,0,120,0,120,0,120,0,120,0,120,0,120,0,120,0,120,0,120,0,120,0,120,0,120,0,120,0,120,0,120,0,120,0,120,0,120,0,120,0,120,0,120,0,120,0,120,0,120,0,120,0,16,ID,28,ID,15,ID,133,ID,0,ID
121,0,ID,133,ID,133,ID,133,ID,133,ID,133,ID,30,ID,133,ID,12,ID,11,ID,20,ID,17,ID,25,ID,19,ID,133,0,37,ID,120,0,120,0,120,0,120,0,120,0,120,0,120,0,120,0,120,0,120,0,32,ID,21,ID,8,ID,5,ID,7,ID,133,ID,22,ID,120,0,120,0,120,0,120,0,120,0,120,0,120,0,120,0,120,0,120,0,120,0,120,0,120,0,120,0,120,0,120,0,120,0,120,0,120,0,120,0,120,0,120,0,120,0,120,0,120,0,120,0,13,ID,133,ID,14,0,133,ID,133,0,133,ID,120,0,120,0,120,0,120,0,120,0,120,0,120,0,120,0,120,0,120,0,120,0,122,0,120,0,120,0,120,0,120,0,120,0,120,0,120,0,120,0,120,0,120,0,120,0,120,0,120,0,120,0,16,ID,28,ID,15,ID,133,ID,0,ID
122,0,ID,133,ID,133,ID,133,ID,133,ID,133,ID,30,ID,133,ID,12,ID,11,ID,20,ID,17,ID,25,ID,19,ID,133,0,37,ID,120,0,120,0,120,0,120,0,120,0,120,0,120,0,120,0,120,0,120,0,32,ID,21,ID,8,ID,5,ID,7,ID,133,ID,22,ID,120,0,120,0,120,0,120,0,120,0,120,0,120,0,120,0,120,0,120,0,120,0,120,0,120,0,120,0,120,0,120,0,120,0,120,0,120,0,120,0,120,0,120,0,120,0,120,0,120,0,120,0,13,ID,133,ID,14,0,133,ID,133,0,133,ID,120,0,120,0,120,0,120,0,120,0,120,0,120,0,120,0,120,0,120,0,120,0,120,0,120,0,120,0,120,0,120,0,120,0,120,0,123,0,120,0,120,0,120,0,120,0,120,0,120,0,120,0,16,ID,28,ID,15,ID,133,ID,0,ID
123,0,ID,133,ID,133,ID,133,ID,133,ID,133,ID,30,ID,133,ID,12,ID,11,ID,20,ID,17,ID,25,ID,19,ID,133,0,37,ID,120,0,120,0,120,0,120,0,120,0,120,0,120,0,120,0,120,0,120,0,32,ID,21,ID,8,ID,5,ID,7,ID,133,ID,22,ID,120,0,120,0,120,0,120,0,120,0,120,0,120,0,120,0,120,0,120,0,120,0,120,0,120,0,120,0,120,0,120,0,120,0,120,0,120,0,120,0,120,0,120,0,120,0,120,0,120,0,120,0,13,ID,133,ID,14,0,133,ID,133,0,133,ID,120,0,120,0,120,0,120,0,124,0,120,0,120,0,120,0,120,0,120,0,120,0,120,0,120,0,120,0,120,0,120,0,120,0,120,0,120,0,120,0,120,0,120,0,120,0,120,0,120,0,120,0,16,ID,28,ID,15,ID,133,ID,0,ID
124,0,FALSE,133,FALSE,133,FALSE,133,FALSE,133,FALSE,133,FALSE,30,FALSE,133,FALSE,12,FALSE,11,FALSE,20,FALSE,17,FALSE,25,FALSE,19,FALSE,133,0,37,FALSE,120,FALSE,120,FALSE,120,FALSE,120,FALSE,120,FALSE,120,FALSE,120,FALSE,120,FALSE,120,FALSE,120,FALSE,32,FALSE,21,FALSE,8,FALSE,5,FALSE,7,FALSE,133,FALSE,22,FALSE,120,0,120,0,120,0,120,0,120,0,120,0,120,0,120,0,120,0,120,0,120,0,120,0,120,0,120,0,120,0,120,0,120,0,120,0,120,0,120,0,120,0,120,0,120,0,120,0,120,0,120,0,13,FALSE,133,FALSE,14,FALSE,133,FALSE,133,FALSE,133,FALSE,120,0,120,0,120,0,120,0,120,0,120,0,120,0,120,0,120,0,120,0,120,0,120,0,120,0,120,0,120,0,120,0,120,0,120,0,120,0,120,0,120,0,120,0,120,0,120,0,120,0,120,0,16,FALSE,28,FALSE,15,FALSE,133,FALSE,0,FALSE
125,0,ID,133,ID,133,ID,133,ID,133,ID,133,ID,30,ID,133,ID,12,ID,11,ID,20,ID,17,ID,25,ID,19,ID,133,0,37,ID,120,0,120,0,120,0,120,0,120,0,120,0,120,0,120,0,120,0,120,0,32,ID,21,ID,8,ID,5,ID,7,ID,133,ID,22,ID,120,0,120,0,120,0,120,0,120,0,120,0,120,0,120,0,120,0,120,0,120,0,120,0,120,0,120,0,120,0,120,0,120,0,120,0,120,0,120,0,120,0,120,0,120,0,120,0,120,0,120,0,13,ID,133,ID,14,0,133,ID,133,0,133,ID,120,0,120,0,120,0,120,0,120,0,120,0,120,0,120,0,120,0,120,0,120,0,120,0,120,0,120,0,120,0,120,0,120,0,126,0,120,0,120,0,120,0,120,0,120,0,120,0,120,0,120,0,16,ID,28,ID,15,ID,133,ID,0,ID
126,0,ID,133,ID,133,ID,133,ID,133,ID,133,ID,30,ID,133,ID,12,ID,11,ID,20,ID,17,ID,25,ID,19,ID,133,0,37,ID,120,0,120,0,120,0,120,0,120,0,120,0,120,0,120,0,120,0,120,0,32,ID,21,ID,8,ID,5,ID,7,ID,133,ID,22,ID,120,0,120,0,120,0,120,0,120,0,120,0,120,0,120,0,120,0,120,0,120,0,120,0,120,0,120,0,120,0,120,0,120,0,120,0,120,0,120,0,120,0,120,0,120,0,120,0,120,0,120,0,13,ID,133,ID,14,0,133,ID,133,0,133,ID,120,0,120,0,120,0,120,0,120,0,120,0,120,0,120,0,120,0,120,0,120,0,120,0,120,0,120,0,120,0,120,0,120,0,120,0,120,0,120,0,127,0,120,0,120,0,120,0,120,0,120,0,16,ID,28,ID,15,ID,133,ID,0,ID
127,0,ID,133,ID,133,ID,133,ID,133,ID,133,ID,30,ID,133,ID,12,ID,11,ID,20,ID,17,ID,25,ID,19,ID,133,0,37,ID,120,0,120,0,120,0,120,0,120,0,120,0,120,0,120,0,120,0,120,0,32,ID,21,ID,8,ID,5,ID,7,ID,133,ID,22,ID,120,0,120,0,120,0,120,0,120,0,120,0,120,0,120,0,120,0,120,0,120,0,120,0,120,0,120,0,120,0,120,0,120,0,120,0,120,0,120,0,120,0,120,0,120,0,120,0,120,0,120,0,13,ID,133,ID,14,0,133,ID,133,0,133,ID,120,0,120,0,120,0,120,0,128,0,120,0,120,0,120,0,120,0,120,0,120,0,120,0,120,0,120,0,120,0,120,0,120,0,120,0,120,0,120,0,120,0,120,0,120,0,120,0,120,0,120,0,16,ID,28,ID,15,ID,133,ID,0,ID
128,0,TRUE,133,TRUE,133,TRUE,133,TRUE,133,TRUE,133,TRUE,30,TRUE,133,TRUE,12,TRUE,11,TRUE,20,TRUE,17,TRUE,25,TRUE,19,TRUE,133,0,37,TRUE,120,TRUE,120,TRUE,120,TRUE,120,TRUE,120,TRUE,120,TRUE,120,TRUE,120,TRUE,120,TRUE,120,TRUE,32,TRUE,21,TRUE,8,TRUE,5,TRUE,7,TRUE,133,TRUE,22,TRUE,120,0,120,0,120,0,120,0,120,0,120,0,120,0,120,0,120,0,120,0,120,0,120,0,120,0,120,0,120,0,120,0,120,0,120,0,120,0,120,0,120,0,120,0,120,0,120,0,120,0,120,0,13,TRUE,133,TRUE,14,TRUE,133,TRUE,133,TRUE,133,TRUE,120,0,120,0,120,0,120,0,120,0,120,0,120,0,120,0,120,0,120,0,120,0,120,0,120,0,120,0,120,0,120,0,120,0,120,0,120,0,120,0,120,0,120,0,120,0,120,0,120,0,120,0,16,TRUE,28,TRUE,15,TRUE,133,TRUE,0,TRUE
129,0,ID,133,ID,133,ID,133,ID,133,ID,133,ID,30,ID,133,ID,12,ID,11,ID,20,ID,17,ID,25,ID,19,ID,133,0,37,ID,120,0,120,0,120,0,120,0,120,0,120,0,120,0,120,0,120,0,120,0,32,ID,21,ID,8,ID,5,ID,7,ID,133,ID,22,ID,120,0,120,0,120,0,120,0,120,0,120,0,120,0,120,0,120,0,120,0,120,0,120,0,120,0,120,0,120,0,120,0,120,0,120,0,120,0,120,0,120,0,120,0,120,0,120,0,120,0,120,0,13,ID,133,ID,14,0,133,ID,133,0,133,ID,120,0,120,0,120,0,120,0,120,0,120,0,120,0,120,0,120,0,120,0,120,0,120,0,120,0,120,0,130,0,120,0,120,0,120,0,120,0,120,0,120,0,120,0,120,0,120,0,120,0,120,0,16,ID,28,ID,15,ID,133,ID,0,ID
130,0,ID,133,ID,133,ID,133,ID,133,ID,133,ID,30,ID,133,ID,12,ID,11,ID,20,ID,17,ID,25,ID,19,ID,133,0,37,ID,120,0,120,0,120,0,120,0,120,0,120,0,120,0,120,0,120,0,120,0,32,ID,21,ID,8,ID,5,ID,7,ID,133,ID,22,ID,120,0,120,0,120,0,120,0,120,0,120,0,120,0,120,0,120,0,120,0,120,0,120,0,120,0,120,0,120,0,120,0,120,0,120,0,120,0,120,0,120,0,120,0,120,0,120,0,120,0,120,0,13,ID,133,ID,14,0,133,ID,133,0,133,ID,120,0,120,0,120,0,120,0,120,0,120,0,120,0,120,0,131,0,120,0,120,0,120,0,120,0,120,0,120,0,120,0,120,0,120,0,120,0,120,0,120,0,120,0,120,0,120,0,120,0,120,0,16,ID,28,ID,15,ID,133,ID,0,ID
131,0,ID,133,ID,133,ID,133,ID,133,ID,133,ID,30,ID,133,ID,12,ID,11,ID,20,ID,17,ID,25,ID,19,ID,133,0,37,ID,120,0,120,0,120,0,120,0,120,0,120,0,120,0,120,0,120,0,120,0,32,ID,21,ID,8,ID,5,ID,7,ID,133,ID,22,ID,120,0,120,0,120,0,120,0,120,0,120,0,120,0,120,0,120,0,120,0,120,0,120,0,120,0,120,0,120,0,120,0,120,0,120,0,120,0,120,0,120,0,120,0,120,0,120,0,120,0,120,0,13,ID,133,ID,14,0,133,ID,133,0,133,ID,120,0,120,0,120,0,132,0,120,0,120,0,120,0,120,0,120,0,120,0,120,0,120,0,120,0,120,0,120,0,120,0,120,0,120,0,120,0,120,0,120,0,120,0,120,0,120,0,120,0,120,0,16,ID,28,ID,15,ID,133,ID,0,ID
132,0,VOID,133,VOID,133,VOID,133,VOID,133,VOID,133,VOID,30,VOID,133,VOID,12,VOID,11,VOID,20,VOID,17,VOID,25,VOID,19,VOID,133,0,37,VOID,120,VOID,120,VOID,120,VOID,120,VOID,120,VOID,120,VOID,120,VOID,120,VOID,120,VOID,120,VOID,32,VOID,21,VOID,8,VOID,5,VOID,7,VOID,133,VOID,22,VOID,120,0,120,0,120,0,120,0,120,0,120,0,120,0,120,0,120,0,120,0,120,0,120,0,120,0,120,0,120,0,120,0,120,0,120,0,120,0,120,0,120,0,120,0,120,0,120,0,120,0,120,0,13,VOID,133,VOID,14,VOID,133,VOID,133,VOID,133,VOID,120,0,120,0,120,0,120,0,120,0,120,0,120,0,120,0,120,0,120,0,120,0,120,0,120,0,120,0,120,0,120,0,120,0,120,0,120,0,120,0,120,0,120,0,120,0,120,0,120,0,120,0,16,VOID,28,VOID,15,VOID,133,VOID,0,VOID
133,0,INVALID_OP,133,0,133,0,133,0,133,0,133,0,30,INVALID_OP,133,0,12,INVALID_OP,133,INVALID_OP,133,INVALID_OP,133,INVALID_OP,133,INVALID_OP,133,INVALID_OP,133,0,37,INVALID_OP,135,0,135,0,135,0,135,0,135,0,135,0,135,0,135,0,135,0,135,0,32,INVALID_OP,21,INVALID_OP,8,INVALID_OP,5,INVALID_OP,7,INVALID_OP,133,0,22,INVALID_OP,120,INVALID_OP,104,INVALID_OP,120,INVALID_OP,120,INVALID_OP,120,INVALID_OP,120,INVALID_OP,120,INVALID_OP,120,INVALID_OP,120,INVALID_OP,120,INVALID_OP,120,INVALID_OP,120,INVALID_OP,100,INVALID_OP,120,INVALID_OP,120,INVALID_OP,107,INVALID_OP,120,INVALID_OP,120,INVALID_OP,120,INVALID_OP,120,INVALID_OP,120,INVALID_OP,120,INVALID_OP,120,INVALID_OP,120,INVALID_OP,120,INVALID_OP,120,INVALID_OP,13,INVALID_OP,133,0,14,INVALID_OP,133,0,133,0,133,0,38,INVALID_OP,42,INVALID_OP,53,INVALID_OP,120,INVALID_OP,61,INVALID_OP,65,INVALID_OP,120,INVALID_OP,120,INVALID_OP,80,INVALID_OP,120,INVALID_OP,120,INVALID_OP,120,INVALID_OP,120,INVALID_OP,120,INVALID_OP,120,INVALID_OP,120,INVALID_OP,120,INVALID_OP,84,INVALID_OP,120,INVALID_OP,125,INVALID_OP,120,INVALID_OP,132,INVALID_OP,120,INVALID_OP,120,INVALID_OP,120,INVALID_OP,120,INVALID_OP,16,INVALID_OP,28,INVALID_OP,15,INVALID_OP,133,0,0,INVALID_OP
134,0,INVALID_ID,133,INVALID_ID,133,INVALID_ID,133,INVALID_ID,133,INVALID_ID,133,INVALID_ID,30,INVALID_ID,133,INVALID_ID,12,INVALID_ID,11,INVALID_ID,20,INVALID_ID,17,INVALID_ID,25,INVALID_ID,19,INVALID_ID,133,INVALID_ID,37,INVALID_ID,134,0,134,0,134,0,134,0,134,0,134,0,134,0,134,0,134,0,134,0,32,INVALID_ID,21,INVALID_ID,8,INVALID_ID,5,INVALID_ID,7,INVALID_ID,133,INVALID_ID,22,INVALID_ID,134,0,134,0,134,0,134,0,134,0,134,0,134,0,134,0,134,0,134,0,134,0,134,0,134,0,134,0,134,0,134,0,134,0,134,0,134,0,134,0,134,0,134,0,134,0,134,0,134,0,134,0,13,INVALID_ID,133,INVALID_ID,14,INVALID_ID,133,INVALID_ID,134,0,133,INVALID_ID,134,0,134,0,134,0,134,0,134,0,134,0,134,0,134,0,134,0,134,0,134,0,134,0,134,0,134,0,134,0,134,0,134,0,134,0,134,0,134,0,134,0,134,0,134,0,0,0,134,0,134,0,16,INVALID_ID,28,INVALID_ID,15,INVALID_ID,133,INVALID_ID,0,INVALID_ID
135,0,INVALID_CONST,133,INVALID_CONST,133,INVALID_CONST,133,INVALID_CONST,133,INVALID_CONST,133,INVALID_CONST,30,INVALID_CONST,133,INVALID_CONST,12,INVALID_CONST,11,INVALID_CONST,20,INVALID_CONST,17,INVALID_CONST,25,INVALID_CONST,19,INVALID_CONST,135,0,37,INVALID_CONST,135,0,135,0,135,0,135,0,135,0,135,0,135,0,135,0,135,0,135,0,32,INVALID_CONST,21,INVALID_CONST,8,INVALID_CONST,5,INVALID_CONST,7,INVALID_CONST,133,INVALID_CONST,22,INVALID_CONST,133,0,133,0,133,0,133,0,133,0,133,0,133,0,133,0,133,0,133,0,133,0,133,0,133,0,133,0,133,0,133,0,133,0,133,0,133,0,133,0,133,0,133,0,133,0,133,0,133,0,133,0,13,INVALID_CONST,133,INVALID_CONST,14,INVALID_CONST,133,INVALID_CONST,133,INVALID_CONST,133,INVALID_CONST,133,0,133,0,133,0,133,0,133,0,133,0,133,0,133,0,133,0,133,0,133,0,133,0,133,0,133,0,133,0,133,0,133,0,133,0,133,0,133,0,133,0,133,0,133,0,133,0,133,0,133,0,16,INVALID_CONST,28,INVALID_CONST,15,INVALID_CONST,133,INVALID_CONST,0,INVALID_CONST